<?xml version="1.0" encoding="ISO-8859-1"?>
<root>
	<item id="Title"><![CDATA[Discuz! Addon MD5]]></item>
	<item id="ID"><![CDATA[aljreport.plugin]]></item>
	<item id="RevisionID"><![CDATA[87856]]></item>
	<item id="SN"><![CDATA[2024012308I6F6A6uI69]]></item>
	<item id="RevisionDateline"><![CDATA[1688373853]]></item>
	<item id="Data">
		<item id="/index.html"><![CDATA[9a7646e4a116d0fe5e705aa7be29976d]]></item>
		<item id="/static/css/index.css"><![CDATA[6c4a4b3480e79e5c2a9a2fbe65210622]]></item>
		<item id="/static/css/admin.css"><![CDATA[d28b24857449b697847be95be3d3701d]]></item>
		<item id="/static/css/fonts/vant-icon-0bc654.woff2"><![CDATA[f76dd96262dc04d5f2ce8426303a9d5a]]></item>
		<item id="/static/css/fonts/element-icons.ttf"><![CDATA[732389ded34cb9c52dd88271f1345af9]]></item>
		<item id="/static/css/fonts/iconfont.ttf"><![CDATA[011c7e22462dbfd9b6ab50b409be0e80]]></item>
		<item id="/static/css/fonts/element-icons.woff"><![CDATA[535877f50039c0cb49a6196a5b7517cd]]></item>
		<item id="/static/css/fonts/vant-icon-0bc654.ttf"><![CDATA[f839a26d894944a9782abf00608c8cf7]]></item>
		<item id="/static/css/fonts/vant-icon-0bc654.woff"><![CDATA[a0ce1d981f780cd3d0b7312ca32e8e8f]]></item>
		<item id="/static/img/index.html"><![CDATA[d41d8cd98f00b204e9800998ecf8427e]]></item>
		<item id="/static/js/index.js"><![CDATA[aad8e2ee90fb795b70705b06c69a8367]]></item>
		<item id="/static/js/vue.min.js"><![CDATA[6c81f02ad0bf8e12a66c18cab188d029]]></item>
		<item id="/static/js/axios.min.js"><![CDATA[e63531350b726384f625ead641f5ad66]]></item>
		<item id="/static/js/js.cookie.min.js"><![CDATA[45f12de4d7b95a193ecdc5cfde664bb9]]></item>
		<item id="/static/js/polyfill.min.js"><![CDATA[9120bcd1f34c2a09b4592baf08ea5931]]></item>
		<item id="/static/js/vant.min.js"><![CDATA[00658c5c6962099af24798f6dfa4549f]]></item>
		<item id="/aljreport.inc.php"><![CDATA[1a5c7a48bb392d76a7d7a3a47c8f696c]]></item>
		<item id="/discuz_plugin_aljreport_TC_UTF8.xml"><![CDATA[4bcab33b167d4095198ca431f04df0ea]]></item>
		<item id="/install.php"><![CDATA[9ace68a38cf5ed00f85b4730bf99e735]]></item>
		<item id="/discuz_plugin_aljreport_SC_UTF8.xml"><![CDATA[57ce7707da8975abc22d937e9f7f150a]]></item>
		<item id="/report.html"><![CDATA[ea0191fb4fc927553133b11812304793]]></item>
		<item id="/addon.inc.php"><![CDATA[3e31d90ecc8048c4520969123c68d261]]></item>
		<item id="/uninstall.php"><![CDATA[dd121b5807e85334ce5f1dd6cabcf323]]></item>
		<item id="/app.inc.php"><![CDATA[099d7ba329c1dca8382b5f1a77072c14]]></item>
		<item id="/check.php"><![CDATA[654c9ce4022ac155bf3d6542d1e4acbf]]></item>
		<item id="/admin.inc.php"><![CDATA[84d300b23440b3a0a86b1ca89dc089f2]]></item>
		<item id="/course.inc.php"><![CDATA[c734ed5242ff29a5b0821c67df640dd1]]></item>
		<item id="/upgrade.php"><![CDATA[9ace68a38cf5ed00f85b4730bf99e735]]></item>
	</item>
</root>