<?xml version="1.0" encoding="ISO-8859-1"?>
<root>
	<item id="Title"><![CDATA[Discuz! Addon MD5]]></item>
	<item id="ID"><![CDATA[boan_player.plugin]]></item>
	<item id="RevisionID"><![CDATA[89446]]></item>
	<item id="SN"><![CDATA[2024012309r6zLWYdDo2]]></item>
	<item id="RevisionDateline"><![CDATA[1703152287]]></item>
	<item id="Data">
		<item id="/discuz_plugin_boan_player_SC_UTF8.xml"><![CDATA[d1786da841f3dd915caf1b9d55de9a00]]></item>
		<item id="/forum_attachment.php"><![CDATA[fb96eee003a7bcb5c30b90c4031f1af6]]></item>
		<item id="/about.inc.php"><![CDATA[56d41b7bcd9f3ba4384e09c66a431fa3]]></item>
		<item id="/player.class.php"><![CDATA[8275dcd8cefa07519aa62a1f2bed1e9c]]></item>
		<item id="/h5upload.inc.php"><![CDATA[4778149ad59427496afca8c2da14f839]]></item>
		<item id="/discuz_plugin_boan_player_TC_UTF8.xml"><![CDATA[7d6ac0c8000529eee1d40e7a381d68c1]]></item>
		<item id="/portal_attachment.php"><![CDATA[e8205fc8debe40313ff4b9cb92c45b91]]></item>
		<item id="/oss.inc.php"><![CDATA[7492ac70fcd6d261a55dd40868d94f2f]]></item>
		<item id="/check.php"><![CDATA[c037c84f066b2b2dd65a6edef7cad9f2]]></item>
	</item>
</root>