<?xml version="1.0" encoding="ISO-8859-1"?>
<root>
	<item id="Title"><![CDATA[Discuz! Addon MD5]]></item>
	<item id="ID"><![CDATA[comiis_lssy.template]]></item>
	<item id="RevisionID"><![CDATA[24981]]></item>
	<item id="SN"><![CDATA[2024012308V90t8y998X]]></item>
	<item id="RevisionDateline"><![CDATA[1682568496]]></item>
	<item id="Data">
		<item id="/discuz_style_comiis_lssy.xml"><![CDATA[40d152722f846f455e2c101b64dc3311]]></item>
		<item id="/ad/ad03.jpg"><![CDATA[7b48fd992cddf820403be1275a5a0599]]></item>
		<item id="/ad/ad05.gif"><![CDATA[53e79c4f77c74a016cf7b776c958f0d0]]></item>
		<item id="/ad/ad04.jpg"><![CDATA[9719c0cead514b739094eb8f16701e90]]></item>
		<item id="/ad/ad01.jpg"><![CDATA[9bd744269fde22d6abd3c15d3f909a21]]></item>
		<item id="/ad/ad02.jpg"><![CDATA[b5b47cb656b79e49262eefd103bdca05]]></item>
		<item id="/ad/ad00.jpg"><![CDATA[24c998d7d57c8272bd548963b8b12220]]></item>
		<item id="/preview.jpg"><![CDATA[bc5c7c18910011c93f11913211a8e59e]]></item>
		<item id="/preview_large.jpg"><![CDATA[665238d397a547f977fd8206170d7383]]></item>
		<item id="/common/header_userstatus.htm"><![CDATA[34ece41b30e54fb150153d5afcf8c350]]></item>
		<item id="/common/footer.htm"><![CDATA[89e96e49020fe48dcd26da58e337aac6]]></item>
		<item id="/common/extend_module.css"><![CDATA[a98acfcadc40f873930da15f26cf8100]]></item>
		<item id="/common/extend_common.css"><![CDATA[6b0567f587e31d2215498067f98d8bdd]]></item>
		<item id="/common/header.htm"><![CDATA[3f190fcbf8b925b2690649db6f0bc3d7]]></item>
		<item id="/index.htm"><![CDATA[d41d8cd98f00b204e9800998ecf8427e]]></item>
		<item id="/portal/index.php"><![CDATA[7e014f45eb56e7e2c60167fa2bf32bae]]></item>
		<item id="/comiis_pic/clipboard.swf"><![CDATA[c3e516e6d5977828d7586e382e9369e7]]></item>
		<item id="/comiis_pic/pmto.gif"><![CDATA[b382eababd512821a7d5a69f219a06f2]]></item>
		<item id="/comiis_pic/midavt_shadow.gif"><![CDATA[f963f59150a14294c5d69c686db9e5df]]></item>
		<item id="/comiis_pic/disagree.gif"><![CDATA[0914e7c617b8d06506a6ead08e92fc28]]></item>
		<item id="/comiis_pic/flw_allfeed.png"><![CDATA[70300d498f3e157db5d54e6bdcd3d385]]></item>
		<item id="/comiis_pic/bg_waterfall.png"><![CDATA[76e9a20b59211d31490ffb1b13ca390c]]></item>
		<item id="/comiis_pic/userinfo.gif"><![CDATA[df5b2b7ddfbe18c9126492abce5298d7]]></item>
		<item id="/comiis_pic/music.gif"><![CDATA[d186df19984f4e46bd59553fa3cd405b]]></item>
		<item id="/comiis_pic/oshr.png"><![CDATA[fddf03ad3ce3cdc81d226d2edf7d8842]]></item>
		<item id="/comiis_pic/fl_collapsed_yes.gif"><![CDATA[f33762d87d7cacd121068fb0739e0289]]></item>
		<item id="/comiis_pic/apphot.png"><![CDATA[550d541d51e4bc536f5bfbed639890a0]]></item>
		<item id="/comiis_pic/tree_file.gif"><![CDATA[125ba9f71bd77357a8072f941f92797e]]></item>
		<item id="/comiis_pic/flw_btn.png"><![CDATA[e43a683e3f02f0cd212fc677a0fed1bb]]></item>
		<item id="/comiis_pic/quote.gif"><![CDATA[c27339de5906b8b703f3e394ef36cb09]]></item>
		<item id="/comiis_pic/titlebg_sd.png"><![CDATA[8ed9a124bf18a9955af5e50da51651a1]]></item>
		<item id="/comiis_pic/pn_post.png"><![CDATA[89cabbbc1d04af2af56f8889e019adb0]]></item>
		<item id="/comiis_pic/info_small.gif"><![CDATA[dd434df66e834a9855c503032f5f7359]]></item>
		<item id="/comiis_pic/arrow_down.gif"><![CDATA[500bded7204591300a0acb17f59adfc5]]></item>
		<item id="/comiis_pic/comiis_logo.gif"><![CDATA[d974963ec0c304829dab9f0839bf11f8]]></item>
		<item id="/comiis_pic/mobile-attach-2.png"><![CDATA[c441996d42cb0cbed2c3796adfa9b7aa]]></item>
		<item id="/comiis_pic/comiis_10.gif"><![CDATA[859d5a63d70805050878b237fd10cfdb]]></item>
		<item id="/comiis_pic/atarget.png"><![CDATA[127b48b0d9f880ce108e47660503017a]]></item>
		<item id="/comiis_pic/dot.gif"><![CDATA[cecbd90d0984396a0649b16f16a1a48b]]></item>
		<item id="/comiis_pic/flash.gif"><![CDATA[5df4987aa24db026c74c4487a8b42764]]></item>
		<item id="/comiis_pic/pin_1.gif"><![CDATA[d0f9d0897af71896e9677444de8f9059]]></item>
		<item id="/comiis_pic/ico_mps.png"><![CDATA[b769e8dfde5660239317ed60758dba13]]></item>
		<item id="/comiis_pic/videophoto.gif"><![CDATA[844c4ab07af2340c8ca61ae35ed121b4]]></item>
		<item id="/comiis_pic/tenpay_logo.gif"><![CDATA[c593c77d4cf6e09736ef48950e27c0dc]]></item>
		<item id="/comiis_pic/bbs.ico"><![CDATA[9c21883fb836cd1f956ab792aa9b51aa]]></item>
		<item id="/comiis_pic/ico_notice.png"><![CDATA[05ce86df6c1a72700734754b1d0c784d]]></item>
		<item id="/comiis_pic/comiis_18.gif"><![CDATA[ff78f5d511a0ce2ab9f75b602f1485f2]]></item>
		<item id="/comiis_pic/medal6.gif"><![CDATA[d1ac51d5529e49327d5c240943ca901c]]></item>
		<item id="/comiis_pic/rwd.gif"><![CDATA[baa1a0953a7eb7544d9b21a5ac356a4e]]></item>
		<item id="/comiis_pic/collapsed_yes.gif"><![CDATA[a342c17d3f4111d17cd55a0d2e06a3a5]]></item>
		<item id="/comiis_pic/yahoo.gif"><![CDATA[101816a3d93499a46e46f91fb4abe288]]></item>
		<item id="/comiis_pic/comiis_26.gif"><![CDATA[de185e1b9aff6324e8f5a28936274ae2]]></item>
		<item id="/comiis_pic/appnew.png"><![CDATA[a8e4587f9cfbebd688197f0ff4a170ec]]></item>
		<item id="/comiis_pic/titlebg.png"><![CDATA[47c44f22ac9221047b99987333a9d103]]></item>
		<item id="/comiis_pic/online_supermod.gif"><![CDATA[88aadf2e9b3220c2b467c753de98c4eb]]></item>
		<item id="/comiis_pic/folder_lock.gif"><![CDATA[c5d717c4c00a3a71a655822fc3c32dc8]]></item>
		<item id="/comiis_pic/flw_post.jpg"><![CDATA[d3b5b46ba0bc809a991f70e48770e875]]></item>
		<item id="/comiis_pic/alipay_logo.gif"><![CDATA[3116481326a49827ec7e81bd14cc22be]]></item>
		<item id="/comiis_pic/input_shadow.png"><![CDATA[d37a814269fa0eea18e5e889cec45a8c]]></item>
		<item id="/comiis_pic/forumlink.gif"><![CDATA[ad4435438db252591933513a42355615]]></item>
		<item id="/comiis_pic/logo_sc.svg"><![CDATA[a930b9311ca2620b7e85d8e4524060e1]]></item>
		<item id="/comiis_pic/title.png"><![CDATA[4380a858d6bcef5a2148608695b0558c]]></item>
		<item id="/comiis_pic/bb_qq.gif"><![CDATA[ef3b7ff772ed8c448ab0350df1d19bc9]]></item>
		<item id="/comiis_pic/pt_z.png"><![CDATA[c0f5d2c624d020a218fd90fe3314eca6]]></item>
		<item id="/comiis_pic/noicon.gif"><![CDATA[c688d2d1bfccfe663aee9c1d6e1d3476]]></item>
		<item id="/comiis_pic/side.png"><![CDATA[efa1689eea47655cb957c0f79646f12d]]></item>
		<item id="/comiis_pic/pubsave.gif"><![CDATA[8585c737c6dcedd02b1e9fed0c565795]]></item>
		<item id="/comiis_pic/seccodeplayer.gif"><![CDATA[76c63d2e5a57eee90958b9e3a19407d5]]></item>
		<item id="/comiis_pic/pnp2.png"><![CDATA[913c7d04f2c5928885967379476100a8]]></item>
		<item id="/comiis_pic/forum.gif"><![CDATA[a321e4ec296473e75e44575cd2de8fc9]]></item>
		<item id="/comiis_pic/logom.png"><![CDATA[4034cdcf021ef1c3c59fc54852bdcd97]]></item>
		<item id="/comiis_pic/imagelist_nav.png"><![CDATA[f98f1255282f2a2703e3d23a06291d46]]></item>
		<item id="/comiis_pic/attention.gif"><![CDATA[5da065e42809a990a0a176bdc0bb1777]]></item>
		<item id="/comiis_pic/topnav.png"><![CDATA[6ee294752940de83bf07a6750ab56422]]></item>
		<item id="/comiis_pic/security.png"><![CDATA[bcc407ab412372a0ebcfd3ae822c5e88]]></item>
		<item id="/comiis_pic/tree_folder.gif"><![CDATA[6482e859e7e4ffdbe436b50b27715f92]]></item>
		<item id="/comiis_pic/arrow_down_big.gif"><![CDATA[bc3876c0904d9f3f51136effb2fb4c3d]]></item>
		<item id="/comiis_pic/settop.png"><![CDATA[6f4529e35043fcf493c648564bdda7c9]]></item>
		<item id="/comiis_pic/fach.gif"><![CDATA[b147b7a5509745fdd072c5badc7e5f87]]></item>
		<item id="/comiis_pic/rt.png"><![CDATA[9d7ad860da83c7b52a93e3350274d119]]></item>
		<item id="/comiis_pic/focus.swf"><![CDATA[c16a7c6143f098472e52dd13de85527f]]></item>
		<item id="/comiis_pic/attl_icon.png"><![CDATA[93d2c1e71b01e2ee800c81c48a3cc6a5]]></item>
		<item id="/comiis_pic/watermark.png"><![CDATA[4f598aefd0cd809414695d994c6ad513]]></item>
		<item id="/comiis_pic/qq_big.gif"><![CDATA[36de48f2ece310da91a9d7cdb1c12405]]></item>
		<item id="/comiis_pic/weibo.png"><![CDATA[9e35eb8dbad40bb3f1510b070c621b38]]></item>
		<item id="/comiis_pic/icon_search.png"><![CDATA[4342db97a5cca1f738f28b5385dd2272]]></item>
		<item id="/comiis_pic/forum_new.gif"><![CDATA[17df01f8262873f52856339f7b24f2c3]]></item>
		<item id="/comiis_pic/appsetting.gif"><![CDATA[0bcceb3bfb133c75af13696f92134fc3]]></item>
		<item id="/comiis_pic/drag.gif"><![CDATA[a48bd3c0d74d48b19c09f4cc64d96233]]></item>
		<item id="/comiis_pic/hot.png"><![CDATA[164b4b481fe983935658df2b2afaaccd]]></item>
		<item id="/comiis_pic/card_btn.png"><![CDATA[d34df48384387872a14f5b4ba9857c68]]></item>
		<item id="/comiis_pic/star_level1.gif"><![CDATA[82a5f212caa58cee3dafae65d5f270ec]]></item>
		<item id="/comiis_pic/pm_ntc.gif"><![CDATA[627132856f13480184c730e29053f779]]></item>
		<item id="/comiis_pic/pengyou.png"><![CDATA[c8ad87000b3cd0f96ed18846205e928a]]></item>
		<item id="/comiis_pic/folder_new.gif"><![CDATA[ffc4115d4feefc928a3acdfa19b19480]]></item>
		<item id="/comiis_pic/pic_nv_next.gif"><![CDATA[2e9032c2e2503dd8fb636805bdaaaf38]]></item>
		<item id="/comiis_pic/rwd2.gif"><![CDATA[316381ee5bdcb15214312c4ddff03ed1]]></item>
		<item id="/comiis_pic/gst.gif"><![CDATA[cd87ebed00e1986e64812c0e9c7eee82]]></item>
		<item id="/comiis_pic/flw_post.png"><![CDATA[b3f1cb33ca2036b29472534d2eac902b]]></item>
		<item id="/comiis_pic/logo_88_31.gif"><![CDATA[7bc90be09df536f4f14a464be456a652]]></item>
		<item id="/comiis_pic/refresh.png"><![CDATA[4d2e129ef83a2b9c979546a1a5405350]]></item>
		<item id="/comiis_pic/comiis_bbg.jpg"><![CDATA[175c66e0288f992d23f4bab1308c6110]]></item>
		<item id="/comiis_pic/pic-next.png"><![CDATA[9b95cba3a80095ce73a3bc9a4781e0a5]]></item>
		<item id="/comiis_pic/bodybg.gif"><![CDATA[f423f6d805831284e24eb8965e34f30a]]></item>
		<item id="/comiis_pic/nophotosmall.gif"><![CDATA[6e830193f7e1419b908d5726c3dcbbf5]]></item>
		<item id="/comiis_pic/right.gif"><![CDATA[d9ff43f18d468615f2ae13bba9ff634c]]></item>
		<item id="/comiis_pic/icon_preview.png"><![CDATA[02b5093eaef926de761ba0f0a7bc98aa]]></item>
		<item id="/comiis_pic/edit.gif"><![CDATA[da4b239b59c925a8b9bac762b28ec78a]]></item>
		<item id="/comiis_pic/preview.png"><![CDATA[455f0d7b1953a39b269ac5ffdae62323]]></item>
		<item id="/comiis_pic/mp3player.swf"><![CDATA[f73b6405a9bb7a06ecca93bfc89f8d81]]></item>
		<item id="/comiis_pic/arrow_up_hover.png"><![CDATA[46106d3a515f78bdc78549f4e43eb4cd]]></item>
		<item id="/comiis_pic/tip_bottom.png"><![CDATA[4cb37af1099b93a01f328671f37b8b2a]]></item>
		<item id="/comiis_pic/swfupload.swf"><![CDATA[2965fde8451c74f8f34e297a91f1f31e]]></item>
		<item id="/comiis_pic/search.png"><![CDATA[a2e9d588705890e03197a7827069016d]]></item>
		<item id="/comiis_pic/portalbox_bg.gif"><![CDATA[c2473e2f4d5b215e39e5376891099163]]></item>
		<item id="/comiis_pic/connect_avatar.png"><![CDATA[35058294222f306ed11ca0775c6c1cd0]]></item>
		<item id="/comiis_pic/background.png"><![CDATA[e292c13b95a2c9b2d8ad23ba501a0096]]></item>
		<item id="/comiis_pic/search.gif"><![CDATA[8f4470e8ec86db464cce240fffd28213]]></item>
		<item id="/comiis_pic/bg_doing.png"><![CDATA[9955c97b4e268bdf87212159486dec0e]]></item>
		<item id="/comiis_pic/mu_bg.png"><![CDATA[c7825360341a8d7352238899e549a47b]]></item>
		<item id="/comiis_pic/mail_inactive.png"><![CDATA[b0af1cd5db3f7993cf9f7b09a3cf44d1]]></item>
		<item id="/comiis_pic/ratesrcorebg.gif"><![CDATA[e946b878aab946b0113dc66f32196779]]></item>
		<item id="/comiis_pic/n_rate.png"><![CDATA[59a0f7ffa0c5cf1d6acd08ecfe97252d]]></item>
		<item id="/comiis_pic/back.gif"><![CDATA[9eca379253a3d5381424a00382b69684]]></item>
		<item id="/comiis_pic/gb.gif"><![CDATA[df8d7ad3d34378262638ae6456354948]]></item>
		<item id="/comiis_pic/mobile-attach-4.png"><![CDATA[1d03734a6236013d3f95af72d02664d2]]></item>
		<item id="/comiis_pic/pin.gif"><![CDATA[5191e9ce394d568e947783b462e51370]]></item>
		<item id="/comiis_pic/mobile-type.png"><![CDATA[46854f96caea0457ba8d8e3c0aa7fa96]]></item>
		<item id="/comiis_pic/flw_cnr_l.png"><![CDATA[d9f8838799d92dd138e6df32acd9c66f]]></item>
		<item id="/comiis_pic/nv.png"><![CDATA[d83250851a8039063cee5147adb35051]]></item>
		<item id="/comiis_pic/rec_subtract.gif"><![CDATA[8fc5895dc12ab61043ca73ae8e570fa2]]></item>
		<item id="/comiis_pic/annpm.png"><![CDATA[22bdd6f79f1704d4b2a25c0f1dd1d867]]></item>
		<item id="/comiis_pic/rank_2.gif"><![CDATA[a075844e2ed7183d0a5dd2ced7a4a989]]></item>
		<item id="/comiis_pic/icon_quote_m_e.gif"><![CDATA[8921cb6a440406659e2c5dae15e5d5e7]]></item>
		<item id="/comiis_pic/popuptext_bg.gif"><![CDATA[13cdfe50e5dfb3f1c5797a94c5952aa1]]></item>
		<item id="/comiis_pic/attach_nopermission.svg"><![CDATA[424c4a192548efea4a3935d9ba8589f5]]></item>
		<item id="/comiis_pic/check_right.gif"><![CDATA[67140a21f80675f4d9a781c2b8673e2f]]></item>
		<item id="/comiis_pic/ad_close.gif"><![CDATA[a939f8ae09e7069e66f7b03e09851d5e]]></item>
		<item id="/comiis_pic/attach_nopermission_bg.png"><![CDATA[866490a8cd214655ca3176a7781c836c]]></item>
		<item id="/comiis_pic/ratbg.gif"><![CDATA[f3e70feef391c9a3a2a737fd4df73382]]></item>
		<item id="/comiis_pic/pt_item.png"><![CDATA[7c38a4ac700c4df1cce9ebbf9b5909a3]]></item>
		<item id="/comiis_pic/arw_l.gif"><![CDATA[ff56bfa217f45b8d0948d159aa02b12a]]></item>
		<item id="/comiis_pic/taobao.gif"><![CDATA[f14ca9248fec60123721a2dcd6838a3f]]></item>
		<item id="/comiis_pic/flw_side_tab.png"><![CDATA[f52175545ea61c8852bc0123d5c6b881]]></item>
		<item id="/comiis_pic/arw.gif"><![CDATA[317573a29f24a632f6568e60b4717af9]]></item>
		<item id="/comiis_pic/p_reward_btn.png"><![CDATA[86403043a6d7a84d21c350af3205ebbf]]></item>
		<item id="/comiis_pic/pn_reply.png"><![CDATA[e4e2df4e9ceae21bc3d9bd73d5d1a024]]></item>
		<item id="/comiis_pic/pn_color.png"><![CDATA[c41b3bf58a1266167064b08ebac82740]]></item>
		<item id="/comiis_pic/arr_w.gif"><![CDATA[d21f3d0465c4387f4160209ad482e2d7]]></item>
		<item id="/comiis_pic/qz.gif"><![CDATA[1ef13d7461b67e3feb595c63e32fa58a]]></item>
		<item id="/comiis_pic/flw_feed.png"><![CDATA[bf70edef29668af327299cf8cc65c829]]></item>
		<item id="/comiis_pic/icon_fav.png"><![CDATA[47408870c472522a08e54cb7e19a3abb]]></item>
		<item id="/comiis_pic/tree_line.gif"><![CDATA[463b0dfe60d859433e0164c9533ac9e1]]></item>
		<item id="/comiis_pic/data_valid.gif"><![CDATA[f52e87fd9bb6dcbb6bb07d6df0d1e6b7]]></item>
		<item id="/comiis_pic/activitysmall.gif"><![CDATA[266d99019fa9b290c91407d86b819242]]></item>
		<item id="/comiis_pic/nosexbg.png"><![CDATA[cc88571cbb8d4950ee4d24120fa104e4]]></item>
		<item id="/comiis_pic/bg_usergroup.png"><![CDATA[4563c9109795c87bac91c3018733bbd3]]></item>
		<item id="/comiis_pic/stand_label.gif"><![CDATA[eb10543b73c21250b3f2f4144968b504]]></item>
		<item id="/comiis_pic/home.gif"><![CDATA[5a8b85f344a38593a3ad3a7d3a9185a3]]></item>
		<item id="/comiis_pic/feed.gif"><![CDATA[035dd4b394b50505a085dd0506be0ba7]]></item>
		<item id="/comiis_pic/recommend_3.gif"><![CDATA[05d2d9ad3e82f48ca9691a3beecf1d63]]></item>
		<item id="/comiis_pic/pn.png"><![CDATA[e551a3ab3b83d8ef4a91a3f8fcc45136]]></item>
		<item id="/comiis_pic/icon_task.gif"><![CDATA[87b62cf94534283a97edcca45d7c04f4]]></item>
		<item id="/comiis_pic/ladybg.png"><![CDATA[6d76214474aaa7090f052d02a56cb9ab]]></item>
		<item id="/comiis_pic/error.gif"><![CDATA[3208c6cfe942d5a55a535db8eb60b67b]]></item>
		<item id="/comiis_pic/newarow.gif"><![CDATA[9df8c0bbbf3885c3cecc424afda95306]]></item>
		<item id="/comiis_pic/bg_share.png"><![CDATA[99f20d45e8ca42a101020162b1a7d495]]></item>
		<item id="/comiis_pic/vd.gif"><![CDATA[24a292cf10f38534f035f8deb93a0e81]]></item>
		<item id="/comiis_pic/medal4.gif"><![CDATA[73b4764166b2cea677f6c1542bc4e631]]></item>
		<item id="/comiis_pic/code_bg.png"><![CDATA[ceb9fcda4e39b46533ba0214bbaacb9b]]></item>
		<item id="/comiis_pic/qq.gif"><![CDATA[44bf00ace335179432cf9baf2fbeb21f]]></item>
		<item id="/comiis_pic/icon_quote_m_s.gif"><![CDATA[7c92ae7844e5c26892af8390a2bd2467]]></item>
		<item id="/comiis_pic/comiis_21.gif"><![CDATA[50e78a8c82fe518786157a55bcacb0a5]]></item>
		<item id="/comiis_pic/starlevel.gif"><![CDATA[a241d287a226e7e313b7fccf3d1144d5]]></item>
		<item id="/comiis_pic/fastreply.gif"><![CDATA[c0b76967ccc352f1f4bf746893c2814c]]></item>
		<item id="/comiis_pic/pm.png"><![CDATA[37fb9775d0a1a807f4d17136ffb17f1d]]></item>
		<item id="/comiis_pic/mark.png"><![CDATA[82e61bea510aa69cd59c58a3445e9fdb]]></item>
		<item id="/comiis_pic/switch_width.png"><![CDATA[e223f548c6b313e1f52f66965d155aac]]></item>
		<item id="/comiis_pic/pllb.png"><![CDATA[55d2db08364e63e2759bc59ed8e9e737]]></item>
		<item id="/comiis_pic/arw_r.gif"><![CDATA[9c78185bd7a37edc626b9c2fdb62f480]]></item>
		<item id="/comiis_pic/tree_folderopen.gif"><![CDATA[08beb7725c26d4736c462f4ac67b49a7]]></item>
		<item id="/comiis_pic/dzicon.woff2"><![CDATA[a064266c100ca700c8f6fd3c0e05750a]]></item>
		<item id="/comiis_pic/msnadd.gif"><![CDATA[6e0167d5e4faa75465a2aabc04d46817]]></item>
		<item id="/comiis_pic/icon_feed.png"><![CDATA[41eab075f3c4d73a3c7bca0bea134238]]></item>
		<item id="/comiis_pic/arrow_right.gif"><![CDATA[70dee106269f64c17ed1c44150959173]]></item>
		<item id="/comiis_pic/flvplayer.swf"><![CDATA[7d675405ff7c94fa899784b7ccae68d3]]></item>
		<item id="/comiis_pic/tree_linebottom.gif"><![CDATA[7e925a166bcf763a27cf716e4f1ffe78]]></item>
		<item id="/comiis_pic/flw_following.png"><![CDATA[cc3741971df4f9da8d95c7a5a2eeac97]]></item>
		<item id="/comiis_pic/folder_common.gif"><![CDATA[5f8168bb3ba2bc107fdb658c78e6c77d]]></item>
		<item id="/comiis_pic/zslt_ios.png"><![CDATA[660392ad053a6d198ac0f5999db474a1]]></item>
		<item id="/comiis_pic/Google_small.png"><![CDATA[3f2ec80c7a6425a6d2a0786918e346d6]]></item>
		<item id="/comiis_pic/uploadbutton_small.png"><![CDATA[563a891e5097ba65693dc05510ec422e]]></item>
		<item id="/comiis_pic/icon_manage.gif"><![CDATA[f80b15662360ee0d34f1302af822ea5e]]></item>
		<item id="/comiis_pic/recyclebin.gif"><![CDATA[d183c02689201c38af7399bbf5dc50a5]]></item>
		<item id="/comiis_pic/group.ico"><![CDATA[978bb680bd093a03f653d4b463c00d5e]]></item>
		<item id="/comiis_pic/rushreply_s.png"><![CDATA[a2650aad5d13230f4d6e232da080d264]]></item>
		<item id="/comiis_pic/fl_hd.png"><![CDATA[54cecb9c2ec359bbb0663c3abd3143d4]]></item>
		<item id="/comiis_pic/fav.gif"><![CDATA[c60ae139e99832de84fd12c7d41b452f]]></item>
		<item id="/comiis_pic/dash.gif"><![CDATA[fb03c277355c70e6f8dd12ea1ec23045]]></item>
		<item id="/comiis_pic/comiis_ico.gif"><![CDATA[0d6269b161a864f9552f1d0f0be002bf]]></item>
		<item id="/comiis_pic/minus.gif"><![CDATA[26c7cc476b012cfca9b981b4a049b459]]></item>
		<item id="/comiis_pic/imageloading.gif"><![CDATA[4836e477448b514ed4316723253dd9cb]]></item>
		<item id="/comiis_pic/connect_config_mark.png"><![CDATA[f359dc60c9a69730019e23c4862ab4eb]]></item>
		<item id="/comiis_pic/hs_cz.gif"><![CDATA[f7976543d082b514b8b2566fe457494a]]></item>
		<item id="/comiis_pic/medal3.gif"><![CDATA[6036a5451c0c58f88bdbce941b56bcf1]]></item>
		<item id="/comiis_pic/tree_plus.gif"><![CDATA[9fa85f282cd7b75988b9399f7f3bc821]]></item>
		<item id="/comiis_pic/bb_fly.gif"><![CDATA[2914298a19a08750100052e9616b0659]]></item>
		<item id="/comiis_pic/connect_post_syn.png"><![CDATA[6deedf52ca4eb1e38108d4a3a895a14c]]></item>
		<item id="/comiis_pic/r_b_resize.png"><![CDATA[b3c53a5a0dd7fd8cfd80f308446c1887]]></item>
		<item id="/comiis_pic/px.png"><![CDATA[1120da8344d0a52265635f08820867f4]]></item>
		<item id="/comiis_pic/rewardsmall.gif"><![CDATA[75c9c87d752dc4c2713b3ff95683fbdb]]></item>
		<item id="/comiis_pic/comiis_bodybg.jpg"><![CDATA[17af293efe7510bb4f725a1e87699776]]></item>
		<item id="/comiis_pic/p_topusr_btn.png"><![CDATA[dde7865ffb43ee1aa09cb82836af5de1]]></item>
		<item id="/comiis_pic/pin_3.gif"><![CDATA[ac0d312e8b452c49e1846dc2c72b3a9d]]></item>
		<item id="/comiis_pic/rec_add.gif"><![CDATA[02648237a425f3de4f426e34bd889fc0]]></item>
		<item id="/comiis_pic/g_guide.png"><![CDATA[bf1aef5501fb051a8037685cc9816aeb]]></item>
		<item id="/comiis_pic/pin_4.gif"><![CDATA[ce4ffcea51e07af9492b95ca24c55885]]></item>
		<item id="/comiis_pic/thread-next.png"><![CDATA[0f16b54332c6a69f6314c84b4197714a]]></item>
		<item id="/comiis_pic/agree.gif"><![CDATA[f53be16f50f957f1242168e5cdd5820f]]></item>
		<item id="/comiis_pic/clock.gif"><![CDATA[bf0c0cd816740a6369db7f554f52a355]]></item>
		<item id="/comiis_pic/tavatar.gif"><![CDATA[46ccf85e52575062c319633f5c0fc058]]></item>
		<item id="/comiis_pic/ad.gif"><![CDATA[afe32d541624c4fa641a225761abbdfa]]></item>
		<item id="/comiis_pic/switch_style.png"><![CDATA[78cd307357ae22a376ccda899d2fd57c]]></item>
		<item id="/comiis_pic/share_img.png"><![CDATA[89df04f13970d60e66784f6bdaa979be]]></item>
		<item id="/comiis_pic/user_link.gif"><![CDATA[cf8556be5d0a96d086e5176f2adcaa5f]]></item>
		<item id="/comiis_pic/tip_up.gif"><![CDATA[89f8da465fe6b53db230d9f9d28d288e]]></item>
		<item id="/comiis_pic/thead.png"><![CDATA[31c40ab5f342d3dca5c4caab720f1317]]></item>
		<item id="/comiis_pic/logo_sc_s.png"><![CDATA[f9d15985ae56682e7a169c629e47c6d3]]></item>
		<item id="/comiis_pic/user_online.gif"><![CDATA[3bf4aa01aff59e35767af13a718a3d8b]]></item>
		<item id="/comiis_pic/op.png"><![CDATA[ad175740d87a588590631c9dc2b81446]]></item>
		<item id="/comiis_pic/qpay_logo.svg"><![CDATA[a9f5ce7d1d0b5bc2564bcc25f1b61518]]></item>
		<item id="/comiis_pic/medal9.gif"><![CDATA[b6a2edba10640a14cd4105a6555ac15a]]></item>
		<item id="/comiis_pic/vlineb.png"><![CDATA[8a5e6721503dc98041b7314e19099633]]></item>
		<item id="/comiis_pic/sidecontrol.png"><![CDATA[cd1847684d37c0afb1206d677ef0cc0a]]></item>
		<item id="/comiis_pic/copy.png"><![CDATA[aef976c1b202ab4fe6458df9f380154f]]></item>
		<item id="/comiis_pic/se.gif"><![CDATA[49c15b7cd656a125e0345c0eab282ada]]></item>
		<item id="/comiis_pic/ico_lz.png"><![CDATA[1cf62d99c25bd81dfa3d268b5ae30ed8]]></item>
		<item id="/comiis_pic/ann_icon.gif"><![CDATA[59fc6bba2d57364fe999d700321f6f25]]></item>
		<item id="/comiis_pic/mobile.png"><![CDATA[5c5986e3f17d23f29b21be4138b991ba]]></item>
		<item id="/comiis_pic/tree_empty.gif"><![CDATA[df22aff6e941ff1cc577333d1712b584]]></item>
		<item id="/comiis_pic/warning.gif"><![CDATA[9083dbf70468d7ac25128f018422b89f]]></item>
		<item id="/comiis_pic/debate_vs.gif"><![CDATA[2a21b22f293f8a41c5befb4d8c50184f]]></item>
		<item id="/comiis_pic/pin_2.gif"><![CDATA[859d28ebc4b631a629243002ee6be48b]]></item>
		<item id="/comiis_pic/flw_cnr_t.png"><![CDATA[189620bfadf1f793f0409db4b19a17c3]]></item>
		<item id="/comiis_pic/control_l.png"><![CDATA[7e5a13f1e39f9a6bdb598aa7c0d4097f]]></item>
		<item id="/comiis_pic/fj_btn.png"><![CDATA[d0bc29383cf1a98a9dee93cae05ae305]]></item>
		<item id="/comiis_pic/qq_bind.gif"><![CDATA[955f51d16c5e3f50834b424c43d6982e]]></item>
		<item id="/comiis_pic/logo_m.svg"><![CDATA[0e6edaa9f1b72de44d098484138c1264]]></item>
		<item id="/comiis_pic/icq.gif"><![CDATA[18da4b61d98868cf583a8d3dfd82a111]]></item>
		<item id="/comiis_pic/hd_shadow.png"><![CDATA[591cbdfc0b5150c0632142ebf2934311]]></item>
		<item id="/comiis_pic/app.png"><![CDATA[6de9fb399c63bed6e1107e2f48ee6dcf]]></item>
		<item id="/comiis_pic/comiis_toutiao.gif"><![CDATA[4610b6b1efc58b770ebf36c4ac737f69]]></item>
		<item id="/comiis_pic/online_admin.gif"><![CDATA[192969dc12128cec078a00106e342dba]]></item>
		<item id="/comiis_pic/winner_flag.gif"><![CDATA[9a4e45359fb23f06f62b44c949bd65a0]]></item>
		<item id="/comiis_pic/status_setting.xml"><![CDATA[9280b7fd7229bbe046ec4517aab365c4]]></item>
		<item id="/comiis_pic/data_invalid.gif"><![CDATA[7ec5ec275164f90643b2f6331105da46]]></item>
		<item id="/comiis_pic/pg_bg.png"><![CDATA[5b8baa4c131aed98375f901da9006e58]]></item>
		<item id="/comiis_pic/portal.ico"><![CDATA[b2d574d9b7498aad1e7ab1b1bf985b55]]></item>
		<item id="/comiis_pic/star_level2.gif"><![CDATA[c2b41b369342326bbf016c9a97515ecc]]></item>
		<item id="/comiis_pic/livethreadtitle.png"><![CDATA[02634b36704ad8fe2806bd91e30ce1d8]]></item>
		<item id="/comiis_pic/passlevel.png"><![CDATA[091ad73692cb58a15a91a48df233bd4c]]></item>
		<item id="/comiis_pic/qq_share.png"><![CDATA[7a0948b36b6d1cc91b70fd37a026fe40]]></item>
		<item id="/comiis_pic/sigline.gif"><![CDATA[309026e6895bbe46e5eb3e4b90deaae7]]></item>
		<item id="/comiis_pic/flw_btn_unfo.png"><![CDATA[b65bb8f1a627023ad616dac0b9896694]]></item>
		<item id="/comiis_pic/systempm.png"><![CDATA[75331d0927ef4b626f1e03963614c63f]]></item>
		<item id="/comiis_pic/px_e.png"><![CDATA[6b6cfb9c603937d60d248dac43a8c3ea]]></item>
		<item id="/comiis_pic/pm_member.png"><![CDATA[110ffd7207be4f2366787e9383ef7f98]]></item>
		<item id="/comiis_pic/comiis_ssbg.jpg"><![CDATA[815d6353abbf884aeda26b9bf586f7a1]]></item>
		<item id="/comiis_pic/collapsed_no.gif"><![CDATA[932fc2d611f31101dfff16f4173694d2]]></item>
		<item id="/comiis_pic/vline.png"><![CDATA[07e0eded7a122f812e34b1f8fa6b1b9f]]></item>
		<item id="/comiis_pic/push.png"><![CDATA[e06e97ed904d16a3ce020936bb522929]]></item>
		<item id="/comiis_pic/app_add.gif"><![CDATA[d98a8d3f0fc8757958c89ce37f0c9300]]></item>
		<item id="/comiis_pic/none.gif"><![CDATA[bf7d3e1972b3fe5bfe8c119fee05e89d]]></item>
		<item id="/comiis_pic/digest_3.gif"><![CDATA[a116f5a28534b1d3c20435f057410df3]]></item>
		<item id="/comiis_pic/fl_ft.png"><![CDATA[1a497b866a675d2067c72ab600f0ca16]]></item>
		<item id="/comiis_pic/dzicon.eot"><![CDATA[bfb182a838bae640b1d2d21fd76b9683]]></item>
		<item id="/comiis_pic/qa.gif"><![CDATA[75ea765bb3cedf668b985bd6f81a844b]]></item>
		<item id="/comiis_pic/mobile-attach-3.png"><![CDATA[4511c7b953dfc6f137f7e64f4edc5b19]]></item>
		<item id="/comiis_pic/chart.png"><![CDATA[75bf32c1b471d978b3c45bce386f509c]]></item>
		<item id="/comiis_pic/andriod.png"><![CDATA[03c18d5439459c0a1a7b43daf4b526ce]]></item>
		<item id="/comiis_pic/flw_btn_unfo_s.png"><![CDATA[a6fa05739bd27ec3a31d685d60191cb8]]></item>
		<item id="/comiis_pic/videophoto_btn.gif"><![CDATA[3dadeb4406dc9ffdd362cc25aa3f6baa]]></item>
		<item id="/comiis_pic/fl_ft_r.png"><![CDATA[2221e500f638f830300af3f9c6203737]]></item>
		<item id="/comiis_pic/site_qq.jpg"><![CDATA[11576bc95e63a1db0f3d9f1fb0913f18]]></item>
		<item id="/comiis_pic/flw_post_attach.png"><![CDATA[bf8d4a1758344f74f4713cd6b3cb326e]]></item>
		<item id="/comiis_pic/mifm.png"><![CDATA[eb29c09d089cfd8a8e71199471451295]]></item>
		<item id="/comiis_pic/newarow_big.gif"><![CDATA[f5706e319346f29f9c152337d092034f]]></item>
		<item id="/comiis_pic/qmenu.png"><![CDATA[8b8fb6d734f94357250b523b6d4bc23d]]></item>
		<item id="/comiis_pic/attachimg_2.png"><![CDATA[bf2380d7e45279a35958d8a917fc1e73]]></item>
		<item id="/comiis_pic/logo.png"><![CDATA[82537d47ada3b2649894d2c56d45a1b7]]></item>
		<item id="/comiis_pic/qzone.gif"><![CDATA[a9754b610e95b189f5326bb19de48783]]></item>
		<item id="/comiis_pic/flw_statusico.png"><![CDATA[fd7b8ec9c7e2486cc77bc4a07dcd9d52]]></item>
		<item id="/comiis_pic/pt_icn.png"><![CDATA[2e17442e727972231667574ae4fa9acf]]></item>
		<item id="/comiis_pic/magic_imgbg.gif"><![CDATA[24a69c0eb6792cef9c1c0c352166a2e6]]></item>
		<item id="/comiis_pic/nophoto.gif"><![CDATA[1a1c6faf462b701c87c25d7d26401349]]></item>
		<item id="/comiis_pic/tree_minusmiddle.gif"><![CDATA[ebd18de1776e2bb068249745c2e5f5f7]]></item>
		<item id="/comiis_pic/wechatpay_logo.svg"><![CDATA[9eec59829fd44ac6294e4f6e847f688d]]></item>
		<item id="/comiis_pic/ol.gif"><![CDATA[eb407f23eed9ac9c2e1eab6b2020d6c2]]></item>
		<item id="/comiis_pic/rright.gif"><![CDATA[12e27383a08e2b25e970515c3d2dcfc4]]></item>
		<item id="/comiis_pic/bg_doing_ico.jpg"><![CDATA[4e816eb169e0a872d0d2930b2a602306]]></item>
		<item id="/comiis_pic/scrolltop.png"><![CDATA[989f2f40d21dadc4069a73371868864e]]></item>
		<item id="/comiis_pic/nopublish.gif"><![CDATA[5b1305d4c729af6758c718e7879f1445]]></item>
		<item id="/comiis_pic/flw_attach_bg.png"><![CDATA[a0f26af743769e3a31e5cb806dc75b5e]]></item>
		<item id="/comiis_pic/qq_bind_small.gif"><![CDATA[2772bb5963055ab01078bd491f7e2669]]></item>
		<item id="/comiis_pic/tradesmall.gif"><![CDATA[6f14398137b759fb447a72af3bc6d218]]></item>
		<item id="/comiis_pic/ico_mulu.png"><![CDATA[08916f7663dacf34fff7f1957c9c4050]]></item>
		<item id="/comiis_pic/star_level3.gif"><![CDATA[a2075b49baacb4adffa6cebe931359ea]]></item>
		<item id="/comiis_pic/extstyle_none.css"><![CDATA[7215ee9c7d9dc229d2921a40e899ec5f]]></item>
		<item id="/comiis_pic/alipay_logo.svg"><![CDATA[bc80445cec0919dcf26f9840e29245c4]]></item>
		<item id="/comiis_pic/ico_jdt.png"><![CDATA[76561192c30611e059595c6dffa7d987]]></item>
		<item id="/comiis_pic/Increase.png"><![CDATA[dd923b522732d88672c4a296e1e37697]]></item>
		<item id="/comiis_pic/scf.gif"><![CDATA[109888833d79c8557cdbd4370b4a4990]]></item>
		<item id="/comiis_pic/closed.png"><![CDATA[fa9f9669a69d895f34818e49561ce7d1]]></item>
		<item id="/comiis_pic/ios.png"><![CDATA[456bc1ddad5eb4d2e0bc45b89f2a750a]]></item>
		<item id="/comiis_pic/uploadbutton.png"><![CDATA[cbc66b6e14098a451fbf8770c340c96d]]></item>
		<item id="/comiis_pic/logo.svg"><![CDATA[b74d0c0edd368ee8a658d6f40523ccd6]]></item>
		<item id="/comiis_pic/attachinfobg.gif"><![CDATA[17ff4fc705fe85ac5a959c61db80faa2]]></item>
		<item id="/comiis_pic/icon_down.gif"><![CDATA[97e514cd2122be7f25d06a2bcfd71a69]]></item>
		<item id="/comiis_pic/emp.gif"><![CDATA[76084e29cb2cf72b320e888edc583dfb]]></item>
		<item id="/comiis_pic/slisticon.gif"><![CDATA[d2dec38539ab29bfe0c7bd51c6c4ab12]]></item>
		<item id="/comiis_pic/img_nopermission.png"><![CDATA[929e36a404d0f664ba37ff1e4f0a9296]]></item>
		<item id="/comiis_pic/avatar_blank.gif"><![CDATA[24e97b340ec9e9d72535db8e1f8087c5]]></item>
		<item id="/comiis_pic/attach_nopermission_bg.svg"><![CDATA[c6f9d8a12863e4232685ff2931fc01e2]]></item>
		<item id="/comiis_pic/fav_grey.gif"><![CDATA[0f1f60b4ef4721ef33113ce77e251f71]]></item>
		<item id="/comiis_pic/doodle.swf"><![CDATA[443e57ce7c5ce46d9ea2c1731868b290]]></item>
		<item id="/comiis_pic/pm-bg1.png"><![CDATA[1b9b0d49a90509ba04d36466c615ed38]]></item>
		<item id="/comiis_pic/new_pm.gif"><![CDATA[83d3c92db54405913a727696d2255a89]]></item>
		<item id="/comiis_pic/vline2.png"><![CDATA[bdc21368e41a0c22fd7d267ee23d1e08]]></item>
		<item id="/comiis_pic/zslt_andriod.png"><![CDATA[7f882c5e7247a50a0a893b58f2022d10]]></item>
		<item id="/comiis_pic/bigimg.png"><![CDATA[aec354b6e4e11b4c3fb136633bd380dd]]></item>
		<item id="/comiis_pic/hs_qg.gif"><![CDATA[a553d91cd8247b092976247ce2571430]]></item>
		<item id="/comiis_pic/icon_quote_e.gif"><![CDATA[f218b37abea3b5b4a347d051080de781]]></item>
		<item id="/comiis_pic/grouppm.png"><![CDATA[bf8a79f29ec47e00fa3ca7d2120a7550]]></item>
		<item id="/comiis_pic/new_pm_2.png"><![CDATA[1d34db4095fa470f58462c16f35c01f3]]></item>
		<item id="/comiis_pic/alipaysmall.gif"><![CDATA[480934e1852cbcd776ea9fd2b45f1fe6]]></item>
		<item id="/comiis_pic/arw_d2.gif"><![CDATA[98deb50d4ee8cd72650b93184461e9c6]]></item>
		<item id="/comiis_pic/locked.gif"><![CDATA[5b3ac58fc29ecc1622cfc845c5c4d310]]></item>
		<item id="/comiis_pic/icon_ad.gif"><![CDATA[afe32d541624c4fa641a225761abbdfa]]></item>
		<item id="/comiis_pic/mood_input_btn.png"><![CDATA[3f1b6eb4af3ff9f9e6c9079a1609bc31]]></item>
		<item id="/comiis_pic/logo_sc.png"><![CDATA[31b93f76cdce8b7c75ae1d0fb4f9a499]]></item>
		<item id="/comiis_pic/arrow_up.png"><![CDATA[bfac6cbcb1cd66727078c9a3d639d5d3]]></item>
		<item id="/comiis_pic/hs_qz.gif"><![CDATA[9dcf6278eb21bb70e8c78549465b4df0]]></item>
		<item id="/comiis_pic/rank_1.gif"><![CDATA[1c7711f67292b448d4395ad03ca57ff1]]></item>
		<item id="/comiis_pic/re_unsolved.gif"><![CDATA[6e4ed424840e4075a4df2f39e778c684]]></item>
		<item id="/comiis_pic/repquote.gif"><![CDATA[c6191f5c095899fe39e6f3ccc1043867]]></item>
		<item id="/comiis_pic/arrow.gif"><![CDATA[e15e06144d70110b5e41713b104f017a]]></item>
		<item id="/comiis_pic/legend_reward.gif"><![CDATA[b8a743e189b29b9ca35d7cdac9826eea]]></item>
		<item id="/comiis_pic/atten.gif"><![CDATA[5da065e42809a990a0a176bdc0bb1777]]></item>
		<item id="/comiis_pic/cmmnt.gif"><![CDATA[d3010e88278d0fffc8cc3ece29de73c2]]></item>
		<item id="/comiis_pic/hot_3.gif"><![CDATA[bb7dd949e393e6df60ece0a5a77cc0d4]]></item>
		<item id="/comiis_pic/spacer.gif"><![CDATA[df3e567d6f16d040326c7a0ea29a4f41]]></item>
		<item id="/comiis_pic/fall.png"><![CDATA[81d83058115128a44183591554a43cb7]]></item>
		<item id="/comiis_pic/stat.swf"><![CDATA[34bab7d08192bbea604ff6b9e8523dd9]]></item>
		<item id="/comiis_pic/attachmediacode.gif"><![CDATA[621ff508e7821a980ddd7b3c028b0bfe]]></item>
		<item id="/comiis_pic/clck.gif"><![CDATA[ce5d09a0d603fb1470c074fd5cfa3bcd]]></item>
		<item id="/comiis_pic/bg.png"><![CDATA[4c7bbd98a5b5f307316f361c51fc1c01]]></item>
		<item id="/comiis_pic/homelink.gif"><![CDATA[ad4435438db252591933513a42355615]]></item>
		<item id="/comiis_pic/vds.png"><![CDATA[d8ed37a9516777d25c3be8faabe2de40]]></item>
		<item id="/comiis_pic/bb_sub.gif"><![CDATA[d10df4516844e2ab6de21a7cea0e1877]]></item>
		<item id="/comiis_pic/recommend_2.gif"><![CDATA[d69f5a872ceef9ce55aa36559f2037fc]]></item>
		<item id="/comiis_pic/user_offline.gif"><![CDATA[72bcf1d44feaeadf04bcd5005d10bc39]]></item>
		<item id="/comiis_pic/mdly.png"><![CDATA[ee6deb282328a9ae4c20ddc70b40f154]]></item>
		<item id="/comiis_pic/collection.png"><![CDATA[64ea8a65e06df3d872d10d152da07262]]></item>
		<item id="/comiis_pic/p_trade_btn.png"><![CDATA[8d978f47d24daa95160cc059f540a934]]></item>
		<item id="/comiis_pic/pm-bg3.png"><![CDATA[738743425f8dfd5df154126772b27d68]]></item>
		<item id="/comiis_pic/hotspot.gif"><![CDATA[f2b59254ca3244e235e6a92eaef82137]]></item>
		<item id="/comiis_pic/close-s.png"><![CDATA[4d14dad46377e02623ecac0999ba4015]]></item>
		<item id="/comiis_pic/imgzoom_tb.gif"><![CDATA[b83dc34ccb3c9a9c761c32782851690d]]></item>
		<item id="/comiis_pic/pdbtm.gif"><![CDATA[4a66228141e2dce1528d53cea6f15608]]></item>
		<item id="/comiis_pic/attinbg.gif"><![CDATA[190f1317fdb8590fb76121e3ef661cc1]]></item>
		<item id="/comiis_pic/popupcredit_bg.gif"><![CDATA[2c00b1029439ac146931beaa56336655]]></item>
		<item id="/comiis_pic/attachimg.gif"><![CDATA[839922e44e69266397822bebe5a8f884]]></item>
		<item id="/comiis_pic/nv_a.png"><![CDATA[5ed6f1531f3c63a3bf0cc15a7b8f6467]]></item>
		<item id="/comiis_pic/notice.gif"><![CDATA[e6fe82209f9f6cd43631593360a5d453]]></item>
		<item id="/comiis_pic/tree_plusmiddle.gif"><![CDATA[5d0c4e49c344e5520e2a9e5eebc68cee]]></item>
		<item id="/comiis_pic/debatesmall.gif"><![CDATA[5427e1b02e7dcdaf1331b487ea4ad5ec]]></item>
		<item id="/comiis_pic/mood_input.png"><![CDATA[9e1b6b2ff60af838eadb96d2ad1a62ba]]></item>
		<item id="/comiis_pic/btnS.png"><![CDATA[dfa8d11616d274a7a98d707212be2517]]></item>
		<item id="/comiis_pic/pn_rt.png"><![CDATA[5c560544a1d3f99691418df9801136ef]]></item>
		<item id="/comiis_pic/flw_post_w.jpg"><![CDATA[b491d1af1f939ddd13d509a49a644dfb]]></item>
		<item id="/comiis_pic/comiis_tbg.jpg"><![CDATA[c7e6ec18838594d92c6213c22cbfa84c]]></item>
		<item id="/comiis_pic/attach_nopermission.png"><![CDATA[1a28a668b5efa1e123fb2033f48e1ee1]]></item>
		<item id="/comiis_pic/nopublish.svg"><![CDATA[91b538e4a89a9352a88f9a00c29d6ada]]></item>
		<item id="/comiis_pic/v.png"><![CDATA[e4efc45663dff627e089377222cb652a]]></item>
		<item id="/comiis_pic/card.png"><![CDATA[7b923381674d727e10329157c13918a3]]></item>
		<item id="/comiis_pic/comiis_23.gif"><![CDATA[06e9c4575ca9757a249fa8c28fe1dc52]]></item>
		<item id="/comiis_pic/treeline_long.gif"><![CDATA[b81074b4ff603adbff29424d2312cc11]]></item>
		<item id="/comiis_pic/icon_collection.png"><![CDATA[5f4567cf9c75e754aadc3b44706013b9]]></item>
		<item id="/comiis_pic/arrow_top.gif"><![CDATA[06d9a98382b399d59850434a1bce33a8]]></item>
		<item id="/comiis_pic/sortnum.png"><![CDATA[63c5e0cd880a4e9dd3493c26e260b7e6]]></item>
		<item id="/comiis_pic/facelist.gif"><![CDATA[02e57021bba0fdc446802658efed6786]]></item>
		<item id="/comiis_pic/share_btn.png"><![CDATA[6f11da08a2ecaccd85487003b3695692]]></item>
		<item id="/comiis_pic/fl_collapsed_no.gif"><![CDATA[2076926810967fe024476078040f1613]]></item>
		<item id="/comiis_pic/debate_bg.gif"><![CDATA[b97fe4e6d3711d3bb359cb2a81945065]]></item>
		<item id="/comiis_pic/tag.gif"><![CDATA[a21e7fb78fef86c0678b6a3b83d36386]]></item>
		<item id="/comiis_pic/create_group.png"><![CDATA[6e507dfb23f453c929af5f95af0376c9]]></item>
		<item id="/comiis_pic/attachurl.gif"><![CDATA[c14a4d4db12b941fe36620e2a660197a]]></item>
		<item id="/comiis_pic/tree_minusbottom.gif"><![CDATA[eadf6cdea290f690f102f1a7551151ee]]></item>
		<item id="/comiis_pic/mail_active.png"><![CDATA[f62ebc8272ab595cd6597aaf3794a635]]></item>
		<item id="/comiis_pic/online_moderator.gif"><![CDATA[2d29fcf160d9f89f258c06713df3673c]]></item>
		<item id="/comiis_pic/home.ico"><![CDATA[42b051e860b2ee6b9f3d0b6753665d94]]></item>
		<item id="/comiis_pic/digest_1.gif"><![CDATA[6bb9871a522ff9e26cb663f367663946]]></item>
		<item id="/comiis_pic/transparent.gif"><![CDATA[ed280a0ea3cc38f3cbbc747acfbef47d]]></item>
		<item id="/comiis_pic/newclose.gif"><![CDATA[7c817ec7639a13f24ce32e9aeeef083a]]></item>
		<item id="/comiis_pic/user_add.gif"><![CDATA[d99f7511fb83c89a5a425a184ff2cbbd]]></item>
		<item id="/comiis_pic/medal7.gif"><![CDATA[8d1b1267727a88106698f901aa08747b]]></item>
		<item id="/comiis_pic/slide.png"><![CDATA[1b634e0605c91dacddba84a4b8253ccb]]></item>
		<item id="/comiis_pic/cancelbutton.gif"><![CDATA[155cf77c3c0053753b9559a000e8af38]]></item>
		<item id="/comiis_pic/tree_plusbottom.gif"><![CDATA[b3da7863263ec7b4a70f3db8cd118edb]]></item>
		<item id="/comiis_pic/cmt_ico.png"><![CDATA[d38882445f81f75b3b15f50fb0323e04]]></item>
		<item id="/comiis_pic/access_normal.gif"><![CDATA[3f72bb8706d0ed2e38d92ee9b064ee05]]></item>
		<item id="/comiis_pic/arrow_left.gif"><![CDATA[8698e92ddb80388ed20cda237230d8d7]]></item>
		<item id="/comiis_pic/digest_2.gif"><![CDATA[10a45b1411bf140897bb6ef0002ac196]]></item>
		<item id="/comiis_pic/comiis_19.gif"><![CDATA[b3a26db2bca3147414746a7d23c16e09]]></item>
		<item id="/comiis_pic/newnotice.gif"><![CDATA[2f4d0672341fcf170c29547d37531bc4]]></item>
		<item id="/comiis_pic/pg_arw.png"><![CDATA[25c75741e7518b62d97ffa5e97dbfc52]]></item>
		<item id="/comiis_pic/gentlemanbg.png"><![CDATA[efdce10327e7851905d0ddccbf7ad952]]></item>
		<item id="/comiis_pic/rss.gif"><![CDATA[c2676b20930ce9e2a808d000b7b7b47b]]></item>
		<item id="/comiis_pic/more1.png"><![CDATA[420105f6723d6fd1de78535db1c4942a]]></item>
		<item id="/comiis_pic/pdbt.gif"><![CDATA[435253c44c2505e8538ed94bf81a2623]]></item>
		<item id="/comiis_pic/rank_3.gif"><![CDATA[e7c7ba9d99e9c111b29c1e3a67da7c48]]></item>
		<item id="/comiis_pic/flw_btn_s.png"><![CDATA[9cb2223d444d7f54bc34c733c62efaac]]></item>
		<item id="/comiis_pic/icon_append.png"><![CDATA[b49eef6ead8e8494aa62659c9ed00a92]]></item>
		<item id="/comiis_pic/tip_top.png"><![CDATA[57171a556f08080e3143434016f2f549]]></item>
		<item id="/comiis_pic/dot_c.gif"><![CDATA[a6cfe8ea7091b8ba61aaf45d98610a07]]></item>
		<item id="/comiis_pic/flag.gif"><![CDATA[a2083480ee70858adb67f5fbb61e9115]]></item>
		<item id="/comiis_pic/medal1.gif"><![CDATA[e7962bc5664bfa53ab2a19b33aa2feb1]]></item>
		<item id="/comiis_pic/thread-prev.png"><![CDATA[8b0590ea67feeb4ed427169c4fed64c8]]></item>
		<item id="/comiis_pic/polljoins.gif"><![CDATA[7aaa0ab2203791b48cfdc0e640beda6d]]></item>
		<item id="/comiis_pic/player.swf"><![CDATA[5fe5c729ab7038027be819832e6fd099]]></item>
		<item id="/comiis_pic/g_guide.svg"><![CDATA[09a41ad336678fddb3d83d953f0a2861]]></item>
		<item id="/comiis_pic/numbg.gif"><![CDATA[a3c9050cecd30ca286ba8c911c02a75e]]></item>
		<item id="/comiis_pic/pic-prev.png"><![CDATA[a391b7065702c60b4c549dd1f20dc29f]]></item>
		<item id="/comiis_pic/watermark.gif"><![CDATA[783678542a46510e1e0372a7f8f59ee0]]></item>
		<item id="/comiis_pic/close.gif"><![CDATA[c62559524d105e0199b3e00c8bd261b9]]></item>
		<item id="/comiis_pic/hs_cs.gif"><![CDATA[73c1d82b1e80a5611d0448c77e8d169a]]></item>
		<item id="/comiis_pic/addbuddy.gif"><![CDATA[e37b20a1103256e8a177b4f0f4ee92b7]]></item>
		<item id="/comiis_pic/info.gif"><![CDATA[0363109a6fdbab91a5445af71d39ed3b]]></item>
		<item id="/comiis_pic/tree_minus.gif"><![CDATA[91f09495d50ee25d5474b0460d8813f7]]></item>
		<item id="/comiis_pic/bg_home.png"><![CDATA[fd5a13cf3759310934b873cff9e1b96d]]></item>
		<item id="/comiis_pic/pollsmall.gif"><![CDATA[1377a36b6026637d10e5533f2adccee2]]></item>
		<item id="/comiis_pic/codebg.gif"><![CDATA[69ee904a2dd7ad20304c97167c8cd8d8]]></item>
		<item id="/comiis_pic/online_member.gif"><![CDATA[e679735ca6f5ed898ba98e4433565003]]></item>
		<item id="/comiis_pic/mu.png"><![CDATA[dac1fe90b981d444547b628ecea7279f]]></item>
		<item id="/comiis_pic/access_allow.gif"><![CDATA[123485d8232243d6fd8124fa72d9b867]]></item>
		<item id="/comiis_pic/rleft.gif"><![CDATA[52bb109177da9621d317e98969ecaf1d]]></item>
		<item id="/comiis_pic/medal5.gif"><![CDATA[00e2683b6e94fe39f0d8bb386e113852]]></item>
		<item id="/comiis_pic/control_r.png"><![CDATA[4765a0b1575b3f94a69b57c387f79745]]></item>
		<item id="/comiis_pic/bb_sup.gif"><![CDATA[ec74a296f9d508369dacd2afc2037cf8]]></item>
		<item id="/comiis_pic/comiis_22.gif"><![CDATA[11c45f51ed6c27fd46978ceb76d666da]]></item>
		<item id="/comiis_pic/plus.gif"><![CDATA[03e55cc8c88c96ca497a9a43e0f5ad27]]></item>
		<item id="/comiis_pic/comiis_ico.png"><![CDATA[b05e8034715fd331ffacd9814ef8cce2]]></item>
		<item id="/comiis_pic/searchbar.png"><![CDATA[11460617547ad1a77977e083a5ebdc7e]]></item>
		<item id="/comiis_pic/access_disallow.gif"><![CDATA[9aa903890d9242d43d25b6da3dd63f5d]]></item>
		<item id="/comiis_pic/nophototiny.png"><![CDATA[051ed162d344cd64f15879cb22de7d9c]]></item>
		<item id="/comiis_pic/uploading.gif"><![CDATA[35181a349ddfd9222e1ec681cc917b1a]]></item>
		<item id="/comiis_pic/arrwd.gif"><![CDATA[500bded7204591300a0acb17f59adfc5]]></item>
		<item id="/comiis_pic/loading.gif"><![CDATA[05235af1889d21cd47ed3fbf8cced673]]></item>
		<item id="/comiis_pic/index.htm"><![CDATA[d41d8cd98f00b204e9800998ecf8427e]]></item>
		<item id="/comiis_pic/pic_nv_prev.gif"><![CDATA[0e95a09f6b5d91b6e818c6dad45c49d0]]></item>
		<item id="/comiis_pic/hot_1.gif"><![CDATA[78e0ad21e05de35d386b7a917ca5721c]]></item>
		<item id="/comiis_pic/thread_prize_s.png"><![CDATA[8ef6cbc75c4bd8e69ca86f41d0193b2f]]></item>
		<item id="/comiis_pic/faq.gif"><![CDATA[2016bd6b1d980e1609ecad8d4c40085b]]></item>
		<item id="/comiis_pic/debate_dr.jpg"><![CDATA[511bc3bafffe5d4ec49df453fb2119a9]]></item>
		<item id="/comiis_pic/mobile-attach-1.png"><![CDATA[5d38ce1510c525c5066693827942ab78]]></item>
		<item id="/comiis_pic/cls.gif"><![CDATA[7c817ec7639a13f24ce32e9aeeef083a]]></item>
		<item id="/comiis_pic/tree_linemiddle.gif"><![CDATA[44dea49bb586184e15468dc841a45d04]]></item>
		<item id="/comiis_pic/grid.png"><![CDATA[fa196d7ac11d213a3bedab4b2c6555b7]]></item>
		<item id="/comiis_pic/connect_qq.gif"><![CDATA[1734de1cd8fb3315f1bdef4a36ed17e8]]></item>
		<item id="/comiis_pic/tree_root.gif"><![CDATA[9c6e0e5848c6fcd84b8dadeb8e03034e]]></item>
		<item id="/comiis_pic/folder_s.gif"><![CDATA[8585c737c6dcedd02b1e9fed0c565795]]></item>
		<item id="/comiis_pic/mobile-type-ie6.png"><![CDATA[cd06171324f4726632730f05764411cd]]></item>
		<item id="/comiis_pic/medal2.gif"><![CDATA[71b519df4abe8b32e1d282f5267c0af0]]></item>
		<item id="/comiis_pic/hot_2.gif"><![CDATA[bd5556691aa1348524bea43625c7a834]]></item>
		<item id="/comiis_pic/print.png"><![CDATA[f6a155832c4564860439a27de5c88d03]]></item>
		<item id="/comiis_pic/online_guest.gif"><![CDATA[d095a57d1db2add618fa56b4db299eb7]]></item>
		<item id="/comiis_pic/icon_top.gif"><![CDATA[72b5136a61d544dfc98e96cd5ec5a4f1]]></item>
		<item id="/comiis_pic/tip_up_grey.gif"><![CDATA[6fcf8bd102a9f3a4fe1d04d2e53d6c82]]></item>
		<item id="/comiis_pic/un_selector.png"><![CDATA[60f7ff41f7a423d83e3f4c2b00da263c]]></item>
		<item id="/comiis_pic/debate_chart.gif"><![CDATA[d4aac3fc1ff43224d0cf423aa5a53484]]></item>
		<item id="/comiis_pic/icon_quote_s.gif"><![CDATA[56d8d91b9132836db3f7dcb5ebd482bd]]></item>
		<item id="/comiis_pic/msnchat.gif"><![CDATA[37dc4dc91eb55f648ca3e195f8edbf58]]></item>
		<item id="/comiis_pic/tb.png"><![CDATA[b9d843c6697e9746d40d4b716a06c0cd]]></item>
		<item id="/comiis_pic/flw_btn_specialfo.png"><![CDATA[dc2bdd2b2985a1f7e1dbfbb9fff03ac7]]></item>
		<item id="/comiis_pic/flw_ico.png"><![CDATA[383530409489245ff009358b3c8009e2]]></item>
		<item id="/comiis_pic/popupcredit_btn.gif"><![CDATA[e7e4933b8d5f79aab8beaed90108be6a]]></item>
		<item id="/comiis_pic/uploadbutton_small_pic.png"><![CDATA[76e0ba4869feaf2810c73142d4cf049d]]></item>
		<item id="/comiis_pic/medal10.gif"><![CDATA[0ee68c3c43da5ca3332303e32ef81287]]></item>
		<item id="/comiis_pic/check_error.gif"><![CDATA[b247df6c12a919291ee599eb53fe620e]]></item>
		<item id="/comiis_pic/addicn.gif"><![CDATA[f743921aad752e0331ee319edf05fc10]]></item>
		<item id="/comiis_pic/viewpay.gif"><![CDATA[a109e4534c66f70c9f6c4b231e064c85]]></item>
		<item id="/comiis_pic/cam.swf"><![CDATA[2b1822a9f0894d863d1eb61861623711]]></item>
		<item id="/comiis_pic/app_set.gif"><![CDATA[e4e9eb4186622a8a32bb3179ef9f7be9]]></item>
		<item id="/comiis_pic/pm-bg2.png"><![CDATA[94e58cd3b2a0a5afcf702ac305521953]]></item>
		<item id="/comiis_pic/groupicon.gif"><![CDATA[122541818b029c344e54bb0925ad511c]]></item>
		<item id="/comiis_pic/medal8.gif"><![CDATA[785ee8b324569ef2bb21ce107b03029c]]></item>
		<item id="/comiis_pic/arrow_right_big.gif"><![CDATA[66acb0a055365fc31f394e5ec9748c04]]></item>
		<item id="/comiis_pic/img_loader.gif"><![CDATA[d404f5edd702af8c490ece0d78f7d435]]></item>
		<item id="/comiis_pic/p_debate_chart.png"><![CDATA[0ff31917fde26bc9f68a9dbe6751009d]]></item>
		<item id="/comiis_pic/security.gif"><![CDATA[57fa79714e28bdbfff2601a511c780a6]]></item>
		<item id="/comiis_pic/recommend_1.gif"><![CDATA[9eada8c91feaee5649939f63ea44164e]]></item>
		<item id="/comiis_pic/category_lbg.png"><![CDATA[22003ed9e7c3495873e5cc007e6ac00e]]></item>
		<item id="/comiis_pic/treeline_short.gif"><![CDATA[1f1fdd1b2eda63294f746441e4862ff7]]></item>
		<item id="/comiis_pic/pm-ico5.png"><![CDATA[b44c59bdc076e8212e5bf89f29736763]]></item>
		<item id="/comiis_pic/qq_login.gif"><![CDATA[5303890a49bf80d5d9227155cc844e29]]></item>
		<item id="/comiis_pic/date_magnify.png"><![CDATA[aa3240d863fd405077f18f133d20aafd]]></item>
		<item id="/comiis_pic/flw_guide.png"><![CDATA[46bcb51082416412643634e62bde1d62]]></item>
		<item id="/comiis_pic/dzicon.woff"><![CDATA[65a8399842148c89fa40fe9b790905be]]></item>
		<item id="/comiis_pic/mine_icn.png"><![CDATA[fea3b97537bbf9cbdcaa94c5c72afc94]]></item>
		<item id="/comiis_pic/arw_d.gif"><![CDATA[84c80f6ff5928aa2a849fc60c52a69ac]]></item>
		<item id="/comiis_pic/comiis_20.gif"><![CDATA[5b95aa1f243d1fccce915903efd8252a]]></item>
	</item>
</root>