<?xml version="1.0" encoding="ISO-8859-1"?>
<root>
	<item id="Title"><![CDATA[Discuz! Addon MD5]]></item>
	<item id="ID"><![CDATA[df_link.plugin]]></item>
	<item id="RevisionID"><![CDATA[95797]]></item>
	<item id="SN"><![CDATA[2024012308lmfQG1P1bU]]></item>
	<item id="RevisionDateline"><![CDATA[1702619197]]></item>
	<item id="Data">
		<item id="/discuz_plugin_df_link_TC_UTF8.xml"><![CDATA[d12d4e2ab7ec33c88ad74cbb0eca8635]]></item>
		<item id="/index.html"><![CDATA[d41d8cd98f00b204e9800998ecf8427e]]></item>
		<item id="/discuz_plugin_df_link_SC_UTF8.xml"><![CDATA[618136fc78dd237d68acf9cdca56707a]]></item>
		<item id="/ext_link.class.php"><![CDATA[0ec35f23b5ba6b53e8ac19c66538aeef]]></item>
		<item id="/mobile_ext_link.class.php"><![CDATA[19e340b766b5d5682df0f6e525d643f7]]></item>
		<item id="/check.php"><![CDATA[8e02b26e5314051e8ef496a8fbc2278a]]></item>
	</item>
</root>