<?xml version="1.0" encoding="ISO-8859-1"?>
<root>
	<item id="Title"><![CDATA[Discuz! Addon MD5]]></item>
	<item id="ID"><![CDATA[freeaddon_attach_auto_description.plugin]]></item>
	<item id="RevisionID"><![CDATA[37788]]></item>
	<item id="SN"><![CDATA[2024012309h1T888N83A]]></item>
	<item id="RevisionDateline"><![CDATA[1683306413]]></item>
	<item id="Data">
		<item id="/index.html"><![CDATA[4ec0e3549b46b338cf922391aeac84bc]]></item>
		<item id="/enable.php"><![CDATA[6be14ee6096fd8240f147dba0489d166]]></item>
		<item id="/changelog.inc.php"><![CDATA[a1cb98c468a8d0f12dddf69d799ed457]]></item>
		<item id="/images/index.html"><![CDATA[4ec0e3549b46b338cf922391aeac84bc]]></item>
		<item id="/images/bg_tab.gif"><![CDATA[d8ddde434d1e604f36abf1936617f99c]]></item>
		<item id="/images/manage.css"><![CDATA[e30ff017e76c17facc847ce55c02c142]]></item>
		<item id="/images/bg_tab_mid.gif"><![CDATA[da79a1002b9c209a9760211e9a08dd20]]></item>
		<item id="/images/index.htm"><![CDATA[4ec0e3549b46b338cf922391aeac84bc]]></item>
		<item id="/images/faq.gif"><![CDATA[2016bd6b1d980e1609ecad8d4c40085b]]></item>
		<item id="/discuz_plugin_freeaddon_attach_auto_description_SC_UTF8.xml"><![CDATA[8aa499e735eb23b29c693ac842b72e92]]></item>
		<item id="/discuz_plugin_freeaddon_attach_auto_description_TC_UTF8.xml"><![CDATA[7780b21cee166ca08f8e5d84e4a5f614]]></item>
		<item id="/config.inc.php"><![CDATA[f7a73aeb915d8033cd46c2d0016c7db5]]></item>
		<item id="/pluginvar.func.php"><![CDATA[83559350c495cdef8a5bbc6f25e6b7ab]]></item>
		<item id="/install.php"><![CDATA[3df049302c4ea5d613de9e51df86c199]]></item>
		<item id="/thank.inc.php"><![CDATA[848bb31e24446eadb35ed0a93f649826]]></item>
		<item id="/hook.class.php"><![CDATA[5feff77df71ebc5de9489abe0920382a]]></item>
		<item id="/feedback.inc.php"><![CDATA[e9d42426f156fbd46b60cae72d532225]]></item>
		<item id="/disable.php"><![CDATA[324fa0c3d981a23da5b50da2a993636d]]></item>
		<item id="/addon.inc.php"><![CDATA[9ed4d7151563c5ab18fd7ddf10071a7c]]></item>
		<item id="/faq.inc.php"><![CDATA[513a760920692ab8d342207e441fcab4]]></item>
		<item id="/uninstall.php"><![CDATA[2d56187a7dd10fb0a689a8ef3d7562b4]]></item>
		<item id="/installlang.lang.php"><![CDATA[8256bdaa07b6f1a59f8ce97e1a5e1c89]]></item>
		<item id="/source/function/function_core.php"><![CDATA[5bf21221da80862027e542c6c93746b0]]></item>
		<item id="/source/function/function_var.php"><![CDATA[83559350c495cdef8a5bbc6f25e6b7ab]]></item>
		<item id="/check.php"><![CDATA[9384a170e6c74ddd536ebda0714ce8a3]]></item>
		<item id="/index.htm"><![CDATA[4ec0e3549b46b338cf922391aeac84bc]]></item>
		<item id="/template/index.html"><![CDATA[4ec0e3549b46b338cf922391aeac84bc]]></item>
		<item id="/template/faq.htm"><![CDATA[b25ece3bc025695fa42bbe4972c05a42]]></item>
		<item id="/template/index.htm"><![CDATA[4ec0e3549b46b338cf922391aeac84bc]]></item>
		<item id="/demo.php"><![CDATA[ccc8ddf37c2d3a4178170ff0811001ea]]></item>
		<item id="/upgrade.php"><![CDATA[89d7cd421e8ce735f9864494b107c2bb]]></item>
	</item>
</root>