<?xml version="1.0" encoding="ISO-8859-1"?>
<root>
	<item id="Title"><![CDATA[Discuz! Addon MD5]]></item>
	<item id="ID"><![CDATA[sxp_bbs_14.template]]></item>
	<item id="RevisionID"><![CDATA[66462,91332,66468,66467,66466,66465]]></item>
	<item id="SN"><![CDATA[2024012308KmJinW0itv,2024012308nG5CmJ2Oc6,2024012308CSggt6UuET,2024012308yST7aAKTRR,2024012308TX33E0X3ua,2024012308c9Z9ygBb9Q]]></item>
	<item id="RevisionDateline"><![CDATA[1623594752,1623587112,1623587107,1623587108,1623587109,1623587111]]></item>
	<item id="Data">
		<item id="/img/clipboard.swf"><![CDATA[c3e516e6d5977828d7586e382e9369e7]]></item>
		<item id="/img/pmto.gif"><![CDATA[b382eababd512821a7d5a69f219a06f2]]></item>
		<item id="/img/midavt_shadow.gif"><![CDATA[f963f59150a14294c5d69c686db9e5df]]></item>
		<item id="/img/disagree.gif"><![CDATA[0914e7c617b8d06506a6ead08e92fc28]]></item>
		<item id="/img/flw_allfeed.png"><![CDATA[f303db91e90804d1a529d9a4ebc95a6a]]></item>
		<item id="/img/bg_waterfall.png"><![CDATA[76e9a20b59211d31490ffb1b13ca390c]]></item>
		<item id="/img/userinfo.gif"><![CDATA[df5b2b7ddfbe18c9126492abce5298d7]]></item>
		<item id="/img/music.gif"><![CDATA[d186df19984f4e46bd59553fa3cd405b]]></item>
		<item id="/img/oshr.png"><![CDATA[fddf03ad3ce3cdc81d226d2edf7d8842]]></item>
		<item id="/img/fl_collapsed_yes.gif"><![CDATA[f33762d87d7cacd121068fb0739e0289]]></item>
		<item id="/img/apphot.png"><![CDATA[550d541d51e4bc536f5bfbed639890a0]]></item>
		<item id="/img/tree_file.gif"><![CDATA[125ba9f71bd77357a8072f941f92797e]]></item>
		<item id="/img/flw_btn.png"><![CDATA[a664150ba54f7a9d47354a8307e6e3ab]]></item>
		<item id="/img/quote.gif"><![CDATA[c27339de5906b8b703f3e394ef36cb09]]></item>
		<item id="/img/titlebg_sd.png"><![CDATA[8ed9a124bf18a9955af5e50da51651a1]]></item>
		<item id="/img/pn_post.png"><![CDATA[c21f3bcb81daf95d7cc08560dabbc387]]></item>
		<item id="/img/info_small.gif"><![CDATA[dd434df66e834a9855c503032f5f7359]]></item>
		<item id="/img/arrow_down.gif"><![CDATA[500bded7204591300a0acb17f59adfc5]]></item>
		<item id="/img/mobile-attach-2.png"><![CDATA[c441996d42cb0cbed2c3796adfa9b7aa]]></item>
		<item id="/img/atarget.png"><![CDATA[127b48b0d9f880ce108e47660503017a]]></item>
		<item id="/img/dot.gif"><![CDATA[a30e58c7264d97b746f28fbd68e53c78]]></item>
		<item id="/img/flash.gif"><![CDATA[5df4987aa24db026c74c4487a8b42764]]></item>
		<item id="/img/pin_1.gif"><![CDATA[d0f9d0897af71896e9677444de8f9059]]></item>
		<item id="/img/videophoto.gif"><![CDATA[844c4ab07af2340c8ca61ae35ed121b4]]></item>
		<item id="/img/tenpay_logo.gif"><![CDATA[c593c77d4cf6e09736ef48950e27c0dc]]></item>
		<item id="/img/bbs.ico"><![CDATA[9c21883fb836cd1f956ab792aa9b51aa]]></item>
		<item id="/img/ico_notice.png"><![CDATA[05ce86df6c1a72700734754b1d0c784d]]></item>
		<item id="/img/medal6.gif"><![CDATA[d1ac51d5529e49327d5c240943ca901c]]></item>
		<item id="/img/rwd.gif"><![CDATA[baa1a0953a7eb7544d9b21a5ac356a4e]]></item>
		<item id="/img/collapsed_yes.gif"><![CDATA[a342c17d3f4111d17cd55a0d2e06a3a5]]></item>
		<item id="/img/yahoo.gif"><![CDATA[101816a3d93499a46e46f91fb4abe288]]></item>
		<item id="/img/appnew.png"><![CDATA[a8e4587f9cfbebd688197f0ff4a170ec]]></item>
		<item id="/img/titlebg.png"><![CDATA[47c44f22ac9221047b99987333a9d103]]></item>
		<item id="/img/online_supermod.gif"><![CDATA[88aadf2e9b3220c2b467c753de98c4eb]]></item>
		<item id="/img/folder_lock.gif"><![CDATA[c5d717c4c00a3a71a655822fc3c32dc8]]></item>
		<item id="/img/flw_post.jpg"><![CDATA[d3b5b46ba0bc809a991f70e48770e875]]></item>
		<item id="/img/alipay_logo.gif"><![CDATA[3116481326a49827ec7e81bd14cc22be]]></item>
		<item id="/img/input_shadow.png"><![CDATA[829d0063122bec8b1ff78189d73af131]]></item>
		<item id="/img/forumlink.gif"><![CDATA[ad4435438db252591933513a42355615]]></item>
		<item id="/img/title.png"><![CDATA[4380a858d6bcef5a2148608695b0558c]]></item>
		<item id="/img/bb_qq.gif"><![CDATA[ef3b7ff772ed8c448ab0350df1d19bc9]]></item>
		<item id="/img/pt_z.png"><![CDATA[c0f5d2c624d020a218fd90fe3314eca6]]></item>
		<item id="/img/noicon.gif"><![CDATA[c688d2d1bfccfe663aee9c1d6e1d3476]]></item>
		<item id="/img/side.png"><![CDATA[efa1689eea47655cb957c0f79646f12d]]></item>
		<item id="/img/pubsave.gif"><![CDATA[8585c737c6dcedd02b1e9fed0c565795]]></item>
		<item id="/img/seccodeplayer.gif"><![CDATA[76c63d2e5a57eee90958b9e3a19407d5]]></item>
		<item id="/img/pnp2.png"><![CDATA[27866c23ae53b28d8b3fcc42367ed54b]]></item>
		<item id="/img/forum.gif"><![CDATA[9e1e16607a1d90b73741f31ad8dc1563]]></item>
		<item id="/img/imagelist_nav.png"><![CDATA[f98f1255282f2a2703e3d23a06291d46]]></item>
		<item id="/img/attention.gif"><![CDATA[5da065e42809a990a0a176bdc0bb1777]]></item>
		<item id="/img/topnav.png"><![CDATA[6ee294752940de83bf07a6750ab56422]]></item>
		<item id="/img/security.png"><![CDATA[bcc407ab412372a0ebcfd3ae822c5e88]]></item>
		<item id="/img/tree_folder.gif"><![CDATA[6482e859e7e4ffdbe436b50b27715f92]]></item>
		<item id="/img/arrow_down_big.gif"><![CDATA[bc3876c0904d9f3f51136effb2fb4c3d]]></item>
		<item id="/img/settop.png"><![CDATA[6f4529e35043fcf493c648564bdda7c9]]></item>
		<item id="/img/fach.gif"><![CDATA[b147b7a5509745fdd072c5badc7e5f87]]></item>
		<item id="/img/rt.png"><![CDATA[0df6faea1e4b3483da2e53e856d3e6e8]]></item>
		<item id="/img/attl_icon.png"><![CDATA[93d2c1e71b01e2ee800c81c48a3cc6a5]]></item>
		<item id="/img/watermark.png"><![CDATA[67c2592a112dcf4b498f6a9c33d68616]]></item>
		<item id="/img/qq_big.gif"><![CDATA[36de48f2ece310da91a9d7cdb1c12405]]></item>
		<item id="/img/weibo.png"><![CDATA[d4c54c82f404c2233686f217cfbd72f4]]></item>
		<item id="/img/icon_search.png"><![CDATA[f350dfa7d654d15022732944d5323c3b]]></item>
		<item id="/img/forum_new.gif"><![CDATA[99bd8b9ed487cad85b11e1c0da4ce108]]></item>
		<item id="/img/appsetting.gif"><![CDATA[0bcceb3bfb133c75af13696f92134fc3]]></item>
		<item id="/img/drag.gif"><![CDATA[a48bd3c0d74d48b19c09f4cc64d96233]]></item>
		<item id="/img/hot.png"><![CDATA[164b4b481fe983935658df2b2afaaccd]]></item>
		<item id="/img/card_btn.png"><![CDATA[d34df48384387872a14f5b4ba9857c68]]></item>
		<item id="/img/star_level1.gif"><![CDATA[82a5f212caa58cee3dafae65d5f270ec]]></item>
		<item id="/img/pm_ntc.gif"><![CDATA[627132856f13480184c730e29053f779]]></item>
		<item id="/img/pengyou.png"><![CDATA[c73b8e425406a93deeeaa3bb6c599ca4]]></item>
		<item id="/img/folder_new.gif"><![CDATA[ffc4115d4feefc928a3acdfa19b19480]]></item>
		<item id="/img/pic_nv_next.gif"><![CDATA[2e9032c2e2503dd8fb636805bdaaaf38]]></item>
		<item id="/img/rwd2.gif"><![CDATA[316381ee5bdcb15214312c4ddff03ed1]]></item>
		<item id="/img/gst.gif"><![CDATA[cd87ebed00e1986e64812c0e9c7eee82]]></item>
		<item id="/img/image_s.gif"><![CDATA[42f8eba4f3249477e511b6288047b3ce]]></item>
		<item id="/img/flw_post.png"><![CDATA[69b148f78c3199d6b165b4bad110db15]]></item>
		<item id="/img/logo_88_31.gif"><![CDATA[7bc90be09df536f4f14a464be456a652]]></item>
		<item id="/img/refresh.png"><![CDATA[9303e94431403dc813aa81ce1973e350]]></item>
		<item id="/img/pic-next.png"><![CDATA[9b95cba3a80095ce73a3bc9a4781e0a5]]></item>
		<item id="/img/bodybg.gif"><![CDATA[f423f6d805831284e24eb8965e34f30a]]></item>
		<item id="/img/nophotosmall.gif"><![CDATA[6e830193f7e1419b908d5726c3dcbbf5]]></item>
		<item id="/img/right.gif"><![CDATA[d9ff43f18d468615f2ae13bba9ff634c]]></item>
		<item id="/img/icon_preview.png"><![CDATA[02b5093eaef926de761ba0f0a7bc98aa]]></item>
		<item id="/img/edit.gif"><![CDATA[da4b239b59c925a8b9bac762b28ec78a]]></item>
		<item id="/img/preview.png"><![CDATA[ab7c64caf06da6ef0c6415c60c6e551c]]></item>
		<item id="/img/mp3player.swf"><![CDATA[060bf871e501574f9f3642a9b9a34193]]></item>
		<item id="/img/arrow_up_hover.png"><![CDATA[46106d3a515f78bdc78549f4e43eb4cd]]></item>
		<item id="/img/tip_bottom.png"><![CDATA[4cb37af1099b93a01f328671f37b8b2a]]></item>
		<item id="/img/swfupload.swf"><![CDATA[3d91814f0de228913f525e034453d778]]></item>
		<item id="/img/search.png"><![CDATA[9be14dfd232fdfa065ee9b918b1c3d52]]></item>
		<item id="/img/portalbox_bg.gif"><![CDATA[c2473e2f4d5b215e39e5376891099163]]></item>
		<item id="/img/connect_avatar.png"><![CDATA[a3525236002d7d0038d764e8f490d7b4]]></item>
		<item id="/img/background.png"><![CDATA[5c884d51205f2f58a0e12eb91d6fb665]]></item>
		<item id="/img/search.gif"><![CDATA[8f4470e8ec86db464cce240fffd28213]]></item>
		<item id="/img/bg_doing.png"><![CDATA[9955c97b4e268bdf87212159486dec0e]]></item>
		<item id="/img/mu_bg.png"><![CDATA[c7825360341a8d7352238899e549a47b]]></item>
		<item id="/img/mail_inactive.png"><![CDATA[d6aae9607ca51a0d3bf74c1852915b10]]></item>
		<item id="/img/ratesrcorebg.gif"><![CDATA[e946b878aab946b0113dc66f32196779]]></item>
		<item id="/img/n_rate.png"><![CDATA[59a0f7ffa0c5cf1d6acd08ecfe97252d]]></item>
		<item id="/img/back.gif"><![CDATA[9eca379253a3d5381424a00382b69684]]></item>
		<item id="/img/gb.gif"><![CDATA[df8d7ad3d34378262638ae6456354948]]></item>
		<item id="/img/mobile-attach-4.png"><![CDATA[a80526cf4ebcd6b025d8fd4d4386b577]]></item>
		<item id="/img/pin.gif"><![CDATA[5191e9ce394d568e947783b462e51370]]></item>
		<item id="/img/mobile-type.png"><![CDATA[cc5c7493d1ec54200555335b4b571e01]]></item>
		<item id="/img/flw_cnr_l.png"><![CDATA[caf6c3a4c445cae41b284b6c225d16e8]]></item>
		<item id="/img/nv.png"><![CDATA[b02c0551341677c53349001303d4151d]]></item>
		<item id="/img/rec_subtract.gif"><![CDATA[8fc5895dc12ab61043ca73ae8e570fa2]]></item>
		<item id="/img/annpm.png"><![CDATA[22bdd6f79f1704d4b2a25c0f1dd1d867]]></item>
		<item id="/img/rank_2.gif"><![CDATA[a075844e2ed7183d0a5dd2ced7a4a989]]></item>
		<item id="/img/icon_quote_m_e.gif"><![CDATA[8921cb6a440406659e2c5dae15e5d5e7]]></item>
		<item id="/img/popuptext_bg.gif"><![CDATA[13cdfe50e5dfb3f1c5797a94c5952aa1]]></item>
		<item id="/img/check_right.gif"><![CDATA[67140a21f80675f4d9a781c2b8673e2f]]></item>
		<item id="/img/ad_close.gif"><![CDATA[a939f8ae09e7069e66f7b03e09851d5e]]></item>
		<item id="/img/attach_nopermission_bg.png"><![CDATA[866490a8cd214655ca3176a7781c836c]]></item>
		<item id="/img/ratbg.gif"><![CDATA[f3e70feef391c9a3a2a737fd4df73382]]></item>
		<item id="/img/pt_item.png"><![CDATA[7c38a4ac700c4df1cce9ebbf9b5909a3]]></item>
		<item id="/img/arw_l.gif"><![CDATA[ff56bfa217f45b8d0948d159aa02b12a]]></item>
		<item id="/img/taobao.gif"><![CDATA[f14ca9248fec60123721a2dcd6838a3f]]></item>
		<item id="/img/flw_side_tab.png"><![CDATA[f52175545ea61c8852bc0123d5c6b881]]></item>
		<item id="/img/arw.gif"><![CDATA[317573a29f24a632f6568e60b4717af9]]></item>
		<item id="/img/p_reward_btn.png"><![CDATA[86403043a6d7a84d21c350af3205ebbf]]></item>
		<item id="/img/pn_reply.png"><![CDATA[922a23119997126fb7129f7f6c6affae]]></item>
		<item id="/img/pn_color.png"><![CDATA[c41b3bf58a1266167064b08ebac82740]]></item>
		<item id="/img/arr_w.gif"><![CDATA[d21f3d0465c4387f4160209ad482e2d7]]></item>
		<item id="/img/qz.gif"><![CDATA[1ef13d7461b67e3feb595c63e32fa58a]]></item>
		<item id="/img/flw_feed.png"><![CDATA[bf70edef29668af327299cf8cc65c829]]></item>
		<item id="/img/icon_fav.png"><![CDATA[64796a4244b32b5a0e72b37d6c281352]]></item>
		<item id="/img/tree_line.gif"><![CDATA[463b0dfe60d859433e0164c9533ac9e1]]></item>
		<item id="/img/data_valid.gif"><![CDATA[f52e87fd9bb6dcbb6bb07d6df0d1e6b7]]></item>
		<item id="/img/activitysmall.gif"><![CDATA[266d99019fa9b290c91407d86b819242]]></item>
		<item id="/img/nosexbg.png"><![CDATA[7f489f39b2d898a484ade18cfb630ea1]]></item>
		<item id="/img/bg_usergroup.png"><![CDATA[4563c9109795c87bac91c3018733bbd3]]></item>
		<item id="/img/stand_label.gif"><![CDATA[eb10543b73c21250b3f2f4144968b504]]></item>
		<item id="/img/home.gif"><![CDATA[5a8b85f344a38593a3ad3a7d3a9185a3]]></item>
		<item id="/img/feed.gif"><![CDATA[035dd4b394b50505a085dd0506be0ba7]]></item>
		<item id="/img/recommend_3.gif"><![CDATA[05d2d9ad3e82f48ca9691a3beecf1d63]]></item>
		<item id="/img/pn.png"><![CDATA[7899e665e913b4ba1d8d433e16f99e3a]]></item>
		<item id="/img/icon_task.gif"><![CDATA[87b62cf94534283a97edcca45d7c04f4]]></item>
		<item id="/img/ladybg.png"><![CDATA[47d64421902e677bea36c7ed014ab500]]></item>
		<item id="/img/error.gif"><![CDATA[3208c6cfe942d5a55a535db8eb60b67b]]></item>
		<item id="/img/newarow.gif"><![CDATA[9df8c0bbbf3885c3cecc424afda95306]]></item>
		<item id="/img/bg_share.png"><![CDATA[99f20d45e8ca42a101020162b1a7d495]]></item>
		<item id="/img/vd.gif"><![CDATA[24a292cf10f38534f035f8deb93a0e81]]></item>
		<item id="/img/medal4.gif"><![CDATA[73b4764166b2cea677f6c1542bc4e631]]></item>
		<item id="/img/code_bg.png"><![CDATA[ceb9fcda4e39b46533ba0214bbaacb9b]]></item>
		<item id="/img/qq.gif"><![CDATA[44bf00ace335179432cf9baf2fbeb21f]]></item>
		<item id="/img/icon_quote_m_s.gif"><![CDATA[7c92ae7844e5c26892af8390a2bd2467]]></item>
		<item id="/img/starlevel.gif"><![CDATA[a241d287a226e7e313b7fccf3d1144d5]]></item>
		<item id="/img/fastreply.gif"><![CDATA[c0b76967ccc352f1f4bf746893c2814c]]></item>
		<item id="/img/pm.png"><![CDATA[37fb9775d0a1a807f4d17136ffb17f1d]]></item>
		<item id="/img/mark.png"><![CDATA[82e61bea510aa69cd59c58a3445e9fdb]]></item>
		<item id="/img/switch_width.png"><![CDATA[e223f548c6b313e1f52f66965d155aac]]></item>
		<item id="/img/pllb.png"><![CDATA[55d2db08364e63e2759bc59ed8e9e737]]></item>
		<item id="/img/arw_r.gif"><![CDATA[9c78185bd7a37edc626b9c2fdb62f480]]></item>
		<item id="/img/tree_folderopen.gif"><![CDATA[08beb7725c26d4736c462f4ac67b49a7]]></item>
		<item id="/img/msnadd.gif"><![CDATA[6e0167d5e4faa75465a2aabc04d46817]]></item>
		<item id="/img/icon_feed.png"><![CDATA[41eab075f3c4d73a3c7bca0bea134238]]></item>
		<item id="/img/arrow_right.gif"><![CDATA[70dee106269f64c17ed1c44150959173]]></item>
		<item id="/img/flvplayer.swf"><![CDATA[a4b77be9bbb819ebb995648f5a56876f]]></item>
		<item id="/img/tree_linebottom.gif"><![CDATA[7e925a166bcf763a27cf716e4f1ffe78]]></item>
		<item id="/img/flw_following.png"><![CDATA[cc3741971df4f9da8d95c7a5a2eeac97]]></item>
		<item id="/img/folder_common.gif"><![CDATA[5f8168bb3ba2bc107fdb658c78e6c77d]]></item>
		<item id="/img/zslt_ios.png"><![CDATA[059d85e70d162869cae125166d4682db]]></item>
		<item id="/img/Google_small.png"><![CDATA[34dc8c8f5857cc8c0e2135e9d82a7a05]]></item>
		<item id="/img/uploadbutton_small.png"><![CDATA[563a891e5097ba65693dc05510ec422e]]></item>
		<item id="/img/icon_manage.gif"><![CDATA[f80b15662360ee0d34f1302af822ea5e]]></item>
		<item id="/img/recyclebin.gif"><![CDATA[d183c02689201c38af7399bbf5dc50a5]]></item>
		<item id="/img/group.ico"><![CDATA[978bb680bd093a03f653d4b463c00d5e]]></item>
		<item id="/img/rushreply_s.png"><![CDATA[a2650aad5d13230f4d6e232da080d264]]></item>
		<item id="/img/fl_hd.png"><![CDATA[b1ecd8635276feb36feeb25a48b9825c]]></item>
		<item id="/img/fav.gif"><![CDATA[c60ae139e99832de84fd12c7d41b452f]]></item>
		<item id="/img/dash.gif"><![CDATA[fb03c277355c70e6f8dd12ea1ec23045]]></item>
		<item id="/img/minus.gif"><![CDATA[26c7cc476b012cfca9b981b4a049b459]]></item>
		<item id="/img/imageloading.gif"><![CDATA[4836e477448b514ed4316723253dd9cb]]></item>
		<item id="/img/connect_config_mark.png"><![CDATA[28b8702ce664c9820a4bc14488ab93ce]]></item>
		<item id="/img/hs_cz.gif"><![CDATA[f7976543d082b514b8b2566fe457494a]]></item>
		<item id="/img/medal3.gif"><![CDATA[6036a5451c0c58f88bdbce941b56bcf1]]></item>
		<item id="/img/tree_plus.gif"><![CDATA[9fa85f282cd7b75988b9399f7f3bc821]]></item>
		<item id="/img/bb_fly.gif"><![CDATA[2914298a19a08750100052e9616b0659]]></item>
		<item id="/img/connect_post_syn.png"><![CDATA[6deedf52ca4eb1e38108d4a3a895a14c]]></item>
		<item id="/img/r_b_resize.png"><![CDATA[487673ce15ebfe7f5d7d3ee5b2b2861f]]></item>
		<item id="/img/px.png"><![CDATA[1120da8344d0a52265635f08820867f4]]></item>
		<item id="/img/rewardsmall.gif"><![CDATA[75c9c87d752dc4c2713b3ff95683fbdb]]></item>
		<item id="/img/p_topusr_btn.png"><![CDATA[dde7865ffb43ee1aa09cb82836af5de1]]></item>
		<item id="/img/pin_3.gif"><![CDATA[ac0d312e8b452c49e1846dc2c72b3a9d]]></item>
		<item id="/img/rec_add.gif"><![CDATA[02648237a425f3de4f426e34bd889fc0]]></item>
		<item id="/img/g_guide.png"><![CDATA[bf1aef5501fb051a8037685cc9816aeb]]></item>
		<item id="/img/pin_4.gif"><![CDATA[ce4ffcea51e07af9492b95ca24c55885]]></item>
		<item id="/img/thread-next.png"><![CDATA[f4462e98a321102afeb66adb8fbc8990]]></item>
		<item id="/img/agree.gif"><![CDATA[f53be16f50f957f1242168e5cdd5820f]]></item>
		<item id="/img/clock.gif"><![CDATA[bf0c0cd816740a6369db7f554f52a355]]></item>
		<item id="/img/tavatar.gif"><![CDATA[46ccf85e52575062c319633f5c0fc058]]></item>
		<item id="/img/ad.gif"><![CDATA[afe32d541624c4fa641a225761abbdfa]]></item>
		<item id="/img/switch_style.png"><![CDATA[78cd307357ae22a376ccda899d2fd57c]]></item>
		<item id="/img/share_img.png"><![CDATA[89df04f13970d60e66784f6bdaa979be]]></item>
		<item id="/img/user_link.gif"><![CDATA[cf8556be5d0a96d086e5176f2adcaa5f]]></item>
		<item id="/img/tip_up.gif"><![CDATA[89f8da465fe6b53db230d9f9d28d288e]]></item>
		<item id="/img/thead.png"><![CDATA[d9805f399cd125400183e66f6372f586]]></item>
		<item id="/img/logo_sc_s.png"><![CDATA[addfe983364528baafeb443ddab1869e]]></item>
		<item id="/img/user_online.gif"><![CDATA[3bf4aa01aff59e35767af13a718a3d8b]]></item>
		<item id="/img/op.png"><![CDATA[ad175740d87a588590631c9dc2b81446]]></item>
		<item id="/img/medal9.gif"><![CDATA[b6a2edba10640a14cd4105a6555ac15a]]></item>
		<item id="/img/vlineb.png"><![CDATA[780407ad01285ea3489188a3dfeaf980]]></item>
		<item id="/img/sidecontrol.png"><![CDATA[cd1847684d37c0afb1206d677ef0cc0a]]></item>
		<item id="/img/copy.png"><![CDATA[aef976c1b202ab4fe6458df9f380154f]]></item>
		<item id="/img/se.gif"><![CDATA[49c15b7cd656a125e0345c0eab282ada]]></item>
		<item id="/img/ico_lz.png"><![CDATA[0064b27fc14d6ec7bed4ae60574b8690]]></item>
		<item id="/img/ann_icon.gif"><![CDATA[59fc6bba2d57364fe999d700321f6f25]]></item>
		<item id="/img/mobile.png"><![CDATA[5c5986e3f17d23f29b21be4138b991ba]]></item>
		<item id="/img/tree_empty.gif"><![CDATA[df22aff6e941ff1cc577333d1712b584]]></item>
		<item id="/img/warning.gif"><![CDATA[9083dbf70468d7ac25128f018422b89f]]></item>
		<item id="/img/debate_vs.gif"><![CDATA[2a21b22f293f8a41c5befb4d8c50184f]]></item>
		<item id="/img/pin_2.gif"><![CDATA[859d28ebc4b631a629243002ee6be48b]]></item>
		<item id="/img/flw_cnr_t.png"><![CDATA[66061c25afae233cce395f0537ad5e46]]></item>
		<item id="/img/control_l.png"><![CDATA[0130bfee2bc8a740c4badb0a3d87b05e]]></item>
		<item id="/img/fj_btn.png"><![CDATA[d0bc29383cf1a98a9dee93cae05ae305]]></item>
		<item id="/img/qq_bind.gif"><![CDATA[955f51d16c5e3f50834b424c43d6982e]]></item>
		<item id="/img/icq.gif"><![CDATA[18da4b61d98868cf583a8d3dfd82a111]]></item>
		<item id="/img/hd_shadow.png"><![CDATA[591cbdfc0b5150c0632142ebf2934311]]></item>
		<item id="/img/app.png"><![CDATA[6de9fb399c63bed6e1107e2f48ee6dcf]]></item>
		<item id="/img/online_admin.gif"><![CDATA[192969dc12128cec078a00106e342dba]]></item>
		<item id="/img/winner_flag.gif"><![CDATA[9a4e45359fb23f06f62b44c949bd65a0]]></item>
		<item id="/img/status_setting.xml"><![CDATA[9280b7fd7229bbe046ec4517aab365c4]]></item>
		<item id="/img/data_invalid.gif"><![CDATA[7ec5ec275164f90643b2f6331105da46]]></item>
		<item id="/img/pg_bg.png"><![CDATA[5b8baa4c131aed98375f901da9006e58]]></item>
		<item id="/img/portal.ico"><![CDATA[b2d574d9b7498aad1e7ab1b1bf985b55]]></item>
		<item id="/img/star_level2.gif"><![CDATA[c2b41b369342326bbf016c9a97515ecc]]></item>
		<item id="/img/livethreadtitle.png"><![CDATA[a2df466966155289db41002a8dada0fc]]></item>
		<item id="/img/passlevel.png"><![CDATA[091ad73692cb58a15a91a48df233bd4c]]></item>
		<item id="/img/qq_share.png"><![CDATA[9ed54c0e6e429290eecd70e3fd9a6846]]></item>
		<item id="/img/sigline.gif"><![CDATA[309026e6895bbe46e5eb3e4b90deaae7]]></item>
		<item id="/img/flw_btn_unfo.png"><![CDATA[b65bb8f1a627023ad616dac0b9896694]]></item>
		<item id="/img/systempm.png"><![CDATA[75331d0927ef4b626f1e03963614c63f]]></item>
		<item id="/img/px_e.png"><![CDATA[6b6cfb9c603937d60d248dac43a8c3ea]]></item>
		<item id="/img/pm_member.png"><![CDATA[110ffd7207be4f2366787e9383ef7f98]]></item>
		<item id="/img/collapsed_no.gif"><![CDATA[932fc2d611f31101dfff16f4173694d2]]></item>
		<item id="/img/vline.png"><![CDATA[c169d703248b720a778d3cf98b247d9b]]></item>
		<item id="/img/push.png"><![CDATA[e06e97ed904d16a3ce020936bb522929]]></item>
		<item id="/img/app_add.gif"><![CDATA[d98a8d3f0fc8757958c89ce37f0c9300]]></item>
		<item id="/img/none.gif"><![CDATA[bf7d3e1972b3fe5bfe8c119fee05e89d]]></item>
		<item id="/img/digest_3.gif"><![CDATA[a116f5a28534b1d3c20435f057410df3]]></item>
		<item id="/img/fl_ft.png"><![CDATA[1a497b866a675d2067c72ab600f0ca16]]></item>
		<item id="/img/qa.gif"><![CDATA[75ea765bb3cedf668b985bd6f81a844b]]></item>
		<item id="/img/mobile-attach-3.png"><![CDATA[4511c7b953dfc6f137f7e64f4edc5b19]]></item>
		<item id="/img/chart.png"><![CDATA[8ff4b2da8da5876ac9759c98b548c7e3]]></item>
		<item id="/img/andriod.png"><![CDATA[03c18d5439459c0a1a7b43daf4b526ce]]></item>
		<item id="/img/flw_btn_unfo_s.png"><![CDATA[528f42d38d80ba5a6e8bdc74392ca9c5]]></item>
		<item id="/img/videophoto_btn.gif"><![CDATA[3dadeb4406dc9ffdd362cc25aa3f6baa]]></item>
		<item id="/img/fl_ft_r.png"><![CDATA[2221e500f638f830300af3f9c6203737]]></item>
		<item id="/img/site_qq.jpg"><![CDATA[11576bc95e63a1db0f3d9f1fb0913f18]]></item>
		<item id="/img/flw_post_attach.png"><![CDATA[bf8d4a1758344f74f4713cd6b3cb326e]]></item>
		<item id="/img/mifm.png"><![CDATA[eb29c09d089cfd8a8e71199471451295]]></item>
		<item id="/img/newarow_big.gif"><![CDATA[f5706e319346f29f9c152337d092034f]]></item>
		<item id="/img/qmenu.png"><![CDATA[ae1dc766a431b3eecce822e4b96a292b]]></item>
		<item id="/img/attachimg_2.png"><![CDATA[bf2380d7e45279a35958d8a917fc1e73]]></item>
		<item id="/img/logo.png"><![CDATA[82537d47ada3b2649894d2c56d45a1b7]]></item>
		<item id="/img/qzone.gif"><![CDATA[a9754b610e95b189f5326bb19de48783]]></item>
		<item id="/img/flw_statusico.png"><![CDATA[fd7b8ec9c7e2486cc77bc4a07dcd9d52]]></item>
		<item id="/img/pt_icn.png"><![CDATA[2e17442e727972231667574ae4fa9acf]]></item>
		<item id="/img/magic_imgbg.gif"><![CDATA[24a69c0eb6792cef9c1c0c352166a2e6]]></item>
		<item id="/img/nophoto.gif"><![CDATA[1a1c6faf462b701c87c25d7d26401349]]></item>
		<item id="/img/tree_minusmiddle.gif"><![CDATA[ebd18de1776e2bb068249745c2e5f5f7]]></item>
		<item id="/img/ol.gif"><![CDATA[eb407f23eed9ac9c2e1eab6b2020d6c2]]></item>
		<item id="/img/rright.gif"><![CDATA[12e27383a08e2b25e970515c3d2dcfc4]]></item>
		<item id="/img/bg_doing_ico.jpg"><![CDATA[4e816eb169e0a872d0d2930b2a602306]]></item>
		<item id="/img/scrolltop.png"><![CDATA[3e1a2c9ff6d41d72fb57fe1c4bc5bd27]]></item>
		<item id="/img/nopublish.gif"><![CDATA[5b1305d4c729af6758c718e7879f1445]]></item>
		<item id="/img/flw_attach_bg.png"><![CDATA[a0f26af743769e3a31e5cb806dc75b5e]]></item>
		<item id="/img/qq_bind_small.gif"><![CDATA[2772bb5963055ab01078bd491f7e2669]]></item>
		<item id="/img/tradesmall.gif"><![CDATA[6f14398137b759fb447a72af3bc6d218]]></item>
		<item id="/img/ico_mulu.png"><![CDATA[dfb504e984aa48e51268bac7e60d1645]]></item>
		<item id="/img/star_level3.gif"><![CDATA[a2075b49baacb4adffa6cebe931359ea]]></item>
		<item id="/img/extstyle_none.css"><![CDATA[7215ee9c7d9dc229d2921a40e899ec5f]]></item>
		<item id="/img/ico_jdt.png"><![CDATA[76561192c30611e059595c6dffa7d987]]></item>
		<item id="/img/scf.gif"><![CDATA[109888833d79c8557cdbd4370b4a4990]]></item>
		<item id="/img/closed.png"><![CDATA[fa9f9669a69d895f34818e49561ce7d1]]></item>
		<item id="/img/ios.png"><![CDATA[456bc1ddad5eb4d2e0bc45b89f2a750a]]></item>
		<item id="/img/uploadbutton.png"><![CDATA[8d0c03e505511e31e3d1f2406604f66f]]></item>
		<item id="/img/attachinfobg.gif"><![CDATA[17ff4fc705fe85ac5a959c61db80faa2]]></item>
		<item id="/img/icon_down.gif"><![CDATA[97e514cd2122be7f25d06a2bcfd71a69]]></item>
		<item id="/img/emp.gif"><![CDATA[76084e29cb2cf72b320e888edc583dfb]]></item>
		<item id="/img/slisticon.gif"><![CDATA[d2dec38539ab29bfe0c7bd51c6c4ab12]]></item>
		<item id="/img/img_nopermission.png"><![CDATA[929e36a404d0f664ba37ff1e4f0a9296]]></item>
		<item id="/img/avatar_blank.gif"><![CDATA[24e97b340ec9e9d72535db8e1f8087c5]]></item>
		<item id="/img/fav_grey.gif"><![CDATA[0f1f60b4ef4721ef33113ce77e251f71]]></item>
		<item id="/img/doodle.swf"><![CDATA[32375889c1fc93dfb0f1de9e94d41301]]></item>
		<item id="/img/pm-bg1.png"><![CDATA[70e1201bc3583e2225574b555bf0b3a6]]></item>
		<item id="/img/new_pm.gif"><![CDATA[83d3c92db54405913a727696d2255a89]]></item>
		<item id="/img/increase.png"><![CDATA[dd923b522732d88672c4a296e1e37697]]></item>
		<item id="/img/vline2.png"><![CDATA[1a858190680117bb100a189cdd40f819]]></item>
		<item id="/img/zslt_andriod.png"><![CDATA[7f882c5e7247a50a0a893b58f2022d10]]></item>
		<item id="/img/bigimg.png"><![CDATA[aec354b6e4e11b4c3fb136633bd380dd]]></item>
		<item id="/img/hs_qg.gif"><![CDATA[a553d91cd8247b092976247ce2571430]]></item>
		<item id="/img/icon_quote_e.gif"><![CDATA[f218b37abea3b5b4a347d051080de781]]></item>
		<item id="/img/grouppm.png"><![CDATA[bf8a79f29ec47e00fa3ca7d2120a7550]]></item>
		<item id="/img/new_pm_2.png"><![CDATA[1d34db4095fa470f58462c16f35c01f3]]></item>
		<item id="/img/alipaysmall.gif"><![CDATA[480934e1852cbcd776ea9fd2b45f1fe6]]></item>
		<item id="/img/arw_d2.gif"><![CDATA[98deb50d4ee8cd72650b93184461e9c6]]></item>
		<item id="/img/locked.gif"><![CDATA[5b3ac58fc29ecc1622cfc845c5c4d310]]></item>
		<item id="/img/icon_ad.gif"><![CDATA[afe32d541624c4fa641a225761abbdfa]]></item>
		<item id="/img/mood_input_btn.png"><![CDATA[b094c21f51c550ddeda0f6b82efc36b4]]></item>
		<item id="/img/logo_sc.png"><![CDATA[27642328724bed57b26364296c39c20f]]></item>
		<item id="/img/arrow_up.png"><![CDATA[bfac6cbcb1cd66727078c9a3d639d5d3]]></item>
		<item id="/img/hs_qz.gif"><![CDATA[9dcf6278eb21bb70e8c78549465b4df0]]></item>
		<item id="/img/rank_1.gif"><![CDATA[1c7711f67292b448d4395ad03ca57ff1]]></item>
		<item id="/img/re_unsolved.gif"><![CDATA[ea8da2fb3a234f3c52d3e87aab65683a]]></item>
		<item id="/img/repquote.gif"><![CDATA[c6191f5c095899fe39e6f3ccc1043867]]></item>
		<item id="/img/arrow.gif"><![CDATA[e15e06144d70110b5e41713b104f017a]]></item>
		<item id="/img/legend_reward.gif"><![CDATA[b8a743e189b29b9ca35d7cdac9826eea]]></item>
		<item id="/img/atten.gif"><![CDATA[5da065e42809a990a0a176bdc0bb1777]]></item>
		<item id="/img/cmmnt.gif"><![CDATA[d3010e88278d0fffc8cc3ece29de73c2]]></item>
		<item id="/img/hot_3.gif"><![CDATA[bb7dd949e393e6df60ece0a5a77cc0d4]]></item>
		<item id="/img/spacer.gif"><![CDATA[df3e567d6f16d040326c7a0ea29a4f41]]></item>
		<item id="/img/fall.png"><![CDATA[17897bffb9ae343ee1e39bc3750d9d95]]></item>
		<item id="/img/stat.swf"><![CDATA[91164eb86a0eabd27a0f2cf0c67b2229]]></item>
		<item id="/img/attachmediacode.gif"><![CDATA[621ff508e7821a980ddd7b3c028b0bfe]]></item>
		<item id="/img/Thumbs.db"><![CDATA[cb0920504025ffe7ddeae009b2ebbb69]]></item>
		<item id="/img/clck.gif"><![CDATA[ce5d09a0d603fb1470c074fd5cfa3bcd]]></item>
		<item id="/img/bg.png"><![CDATA[4c7bbd98a5b5f307316f361c51fc1c01]]></item>
		<item id="/img/homelink.gif"><![CDATA[ad4435438db252591933513a42355615]]></item>
		<item id="/img/vds.png"><![CDATA[d8ed37a9516777d25c3be8faabe2de40]]></item>
		<item id="/img/bb_sub.gif"><![CDATA[d10df4516844e2ab6de21a7cea0e1877]]></item>
		<item id="/img/recommend_2.gif"><![CDATA[d69f5a872ceef9ce55aa36559f2037fc]]></item>
		<item id="/img/user_offline.gif"><![CDATA[72bcf1d44feaeadf04bcd5005d10bc39]]></item>
		<item id="/img/mdly.png"><![CDATA[ee6deb282328a9ae4c20ddc70b40f154]]></item>
		<item id="/img/collection.png"><![CDATA[64ea8a65e06df3d872d10d152da07262]]></item>
		<item id="/img/p_trade_btn.png"><![CDATA[8d978f47d24daa95160cc059f540a934]]></item>
		<item id="/img/pm-bg3.png"><![CDATA[a3ca6747c29d63511a894194bc1b1acf]]></item>
		<item id="/img/hotspot.gif"><![CDATA[fc8a09aeb8f9b8b00caaf5ea1e04e11a]]></item>
		<item id="/img/close-s.png"><![CDATA[4d14dad46377e02623ecac0999ba4015]]></item>
		<item id="/img/imgzoom_tb.gif"><![CDATA[efccbc39b885fb1b0e39a09d20210701]]></item>
		<item id="/img/pdbtm.gif"><![CDATA[4a66228141e2dce1528d53cea6f15608]]></item>
		<item id="/img/attinbg.gif"><![CDATA[190f1317fdb8590fb76121e3ef661cc1]]></item>
		<item id="/img/popupcredit_bg.gif"><![CDATA[2c00b1029439ac146931beaa56336655]]></item>
		<item id="/img/attachimg.gif"><![CDATA[839922e44e69266397822bebe5a8f884]]></item>
		<item id="/img/nv_a.png"><![CDATA[30006d8eff8bfbb4e29701eb30a18320]]></item>
		<item id="/img/notice.gif"><![CDATA[e6fe82209f9f6cd43631593360a5d453]]></item>
		<item id="/img/tree_plusmiddle.gif"><![CDATA[5d0c4e49c344e5520e2a9e5eebc68cee]]></item>
		<item id="/img/debatesmall.gif"><![CDATA[5427e1b02e7dcdaf1331b487ea4ad5ec]]></item>
		<item id="/img/mood_input.png"><![CDATA[9e1b6b2ff60af838eadb96d2ad1a62ba]]></item>
		<item id="/img/btnS.png"><![CDATA[dfa8d11616d274a7a98d707212be2517]]></item>
		<item id="/img/pn_rt.png"><![CDATA[232be90bdaa698df6e8cb08b9ba3e9de]]></item>
		<item id="/img/flw_post_w.jpg"><![CDATA[b491d1af1f939ddd13d509a49a644dfb]]></item>
		<item id="/img/attach_nopermission.png"><![CDATA[1a28a668b5efa1e123fb2033f48e1ee1]]></item>
		<item id="/img/v.png"><![CDATA[e4efc45663dff627e089377222cb652a]]></item>
		<item id="/img/card.png"><![CDATA[3d46f86639f02929ed147d7f188febdd]]></item>
		<item id="/img/treeline_long.gif"><![CDATA[b81074b4ff603adbff29424d2312cc11]]></item>
		<item id="/img/icon_collection.png"><![CDATA[3f27b7f4c0ec17876253d126c81f2ee6]]></item>
		<item id="/img/arrow_top.gif"><![CDATA[06d9a98382b399d59850434a1bce33a8]]></item>
		<item id="/img/sortnum.png"><![CDATA[66ef1fdd9a40f1d69d171bd70fe2bca9]]></item>
		<item id="/img/facelist.gif"><![CDATA[02e57021bba0fdc446802658efed6786]]></item>
		<item id="/img/share_btn.png"><![CDATA[6f11da08a2ecaccd85487003b3695692]]></item>
		<item id="/img/fl_collapsed_no.gif"><![CDATA[2076926810967fe024476078040f1613]]></item>
		<item id="/img/debate_bg.gif"><![CDATA[b97fe4e6d3711d3bb359cb2a81945065]]></item>
		<item id="/img/tag.gif"><![CDATA[a21e7fb78fef86c0678b6a3b83d36386]]></item>
		<item id="/img/create_group.png"><![CDATA[632085f82263a23bf4ee8c20d2b96cbe]]></item>
		<item id="/img/attachurl.gif"><![CDATA[c14a4d4db12b941fe36620e2a660197a]]></item>
		<item id="/img/tree_minusbottom.gif"><![CDATA[eadf6cdea290f690f102f1a7551151ee]]></item>
		<item id="/img/mail_active.png"><![CDATA[f62ebc8272ab595cd6597aaf3794a635]]></item>
		<item id="/img/online_moderator.gif"><![CDATA[2d29fcf160d9f89f258c06713df3673c]]></item>
		<item id="/img/home.ico"><![CDATA[42b051e860b2ee6b9f3d0b6753665d94]]></item>
		<item id="/img/digest_1.gif"><![CDATA[6bb9871a522ff9e26cb663f367663946]]></item>
		<item id="/img/transparent.gif"><![CDATA[ed280a0ea3cc38f3cbbc747acfbef47d]]></item>
		<item id="/img/newclose.gif"><![CDATA[d342eae0634409d21c22818dd4e101d9]]></item>
		<item id="/img/user_add.gif"><![CDATA[d99f7511fb83c89a5a425a184ff2cbbd]]></item>
		<item id="/img/medal7.gif"><![CDATA[8d1b1267727a88106698f901aa08747b]]></item>
		<item id="/img/slide.png"><![CDATA[1b634e0605c91dacddba84a4b8253ccb]]></item>
		<item id="/img/cancelbutton.gif"><![CDATA[155cf77c3c0053753b9559a000e8af38]]></item>
		<item id="/img/tree_plusbottom.gif"><![CDATA[b3da7863263ec7b4a70f3db8cd118edb]]></item>
		<item id="/img/cmt_ico.png"><![CDATA[d38882445f81f75b3b15f50fb0323e04]]></item>
		<item id="/img/access_normal.gif"><![CDATA[3f72bb8706d0ed2e38d92ee9b064ee05]]></item>
		<item id="/img/arrow_left.gif"><![CDATA[8698e92ddb80388ed20cda237230d8d7]]></item>
		<item id="/img/digest_2.gif"><![CDATA[10a45b1411bf140897bb6ef0002ac196]]></item>
		<item id="/img/newnotice.gif"><![CDATA[2f4d0672341fcf170c29547d37531bc4]]></item>
		<item id="/img/pg_arw.png"><![CDATA[25c75741e7518b62d97ffa5e97dbfc52]]></item>
		<item id="/img/gentlemanbg.png"><![CDATA[6be3586303a72ea7c17ba7c9d910376f]]></item>
		<item id="/img/rss.gif"><![CDATA[c2676b20930ce9e2a808d000b7b7b47b]]></item>
		<item id="/img/more1.png"><![CDATA[420105f6723d6fd1de78535db1c4942a]]></item>
		<item id="/img/pdbt.gif"><![CDATA[435253c44c2505e8538ed94bf81a2623]]></item>
		<item id="/img/rank_3.gif"><![CDATA[e7c7ba9d99e9c111b29c1e3a67da7c48]]></item>
		<item id="/img/flw_btn_s.png"><![CDATA[9cb2223d444d7f54bc34c733c62efaac]]></item>
		<item id="/img/icon_append.png"><![CDATA[be0987649e49f96ef14d9297376ee181]]></item>
		<item id="/img/tip_top.png"><![CDATA[564a603cdd2a6fe38b614ca1b3473961]]></item>
		<item id="/img/dot_c.gif"><![CDATA[9ce6acab6f8fe7fae5672a98baa1bce5]]></item>
		<item id="/img/flag.gif"><![CDATA[a2083480ee70858adb67f5fbb61e9115]]></item>
		<item id="/img/medal1.gif"><![CDATA[e7962bc5664bfa53ab2a19b33aa2feb1]]></item>
		<item id="/img/thread-prev.png"><![CDATA[02b695312a067468508e2d90702d771c]]></item>
		<item id="/img/polljoins.gif"><![CDATA[61ab7660a45b6f774cbd84a6239baa22]]></item>
		<item id="/img/player.swf"><![CDATA[5fe5c729ab7038027be819832e6fd099]]></item>
		<item id="/img/numbg.gif"><![CDATA[c52771b67ca1b2dbbe7894c5f8320ef8]]></item>
		<item id="/img/pic-prev.png"><![CDATA[1611adb5def1ec87fb3480a6b16937fa]]></item>
		<item id="/img/watermark.gif"><![CDATA[783678542a46510e1e0372a7f8f59ee0]]></item>
		<item id="/img/close.gif"><![CDATA[c62559524d105e0199b3e00c8bd261b9]]></item>
		<item id="/img/hs_cs.gif"><![CDATA[73c1d82b1e80a5611d0448c77e8d169a]]></item>
		<item id="/img/addbuddy.gif"><![CDATA[e37b20a1103256e8a177b4f0f4ee92b7]]></item>
		<item id="/img/info.gif"><![CDATA[722cc181f518d0f0e92ab49aa2839060]]></item>
		<item id="/img/tree_minus.gif"><![CDATA[91f09495d50ee25d5474b0460d8813f7]]></item>
		<item id="/img/bg_home.png"><![CDATA[2ec7ac5ed97c6ea501569c2ba7b30ded]]></item>
		<item id="/img/pollsmall.gif"><![CDATA[1377a36b6026637d10e5533f2adccee2]]></item>
		<item id="/img/codebg.gif"><![CDATA[69ee904a2dd7ad20304c97167c8cd8d8]]></item>
		<item id="/img/online_member.gif"><![CDATA[e679735ca6f5ed898ba98e4433565003]]></item>
		<item id="/img/mu.png"><![CDATA[e873da0c0ee57a6309025b8b52242182]]></item>
		<item id="/img/access_allow.gif"><![CDATA[123485d8232243d6fd8124fa72d9b867]]></item>
		<item id="/img/rleft.gif"><![CDATA[52bb109177da9621d317e98969ecaf1d]]></item>
		<item id="/img/medal5.gif"><![CDATA[00e2683b6e94fe39f0d8bb386e113852]]></item>
		<item id="/img/control_r.png"><![CDATA[b62b1bb5f6473f4b4c5ea437fb7e9ffc]]></item>
		<item id="/img/bb_sup.gif"><![CDATA[ec74a296f9d508369dacd2afc2037cf8]]></item>
		<item id="/img/plus.gif"><![CDATA[03e55cc8c88c96ca497a9a43e0f5ad27]]></item>
		<item id="/img/searchbar.png"><![CDATA[dc5cfb2fbf47b6af5d113e5fc7b65634]]></item>
		<item id="/img/access_disallow.gif"><![CDATA[9aa903890d9242d43d25b6da3dd63f5d]]></item>
		<item id="/img/nophototiny.png"><![CDATA[051ed162d344cd64f15879cb22de7d9c]]></item>
		<item id="/img/uploading.gif"><![CDATA[35181a349ddfd9222e1ec681cc917b1a]]></item>
		<item id="/img/arrwd.gif"><![CDATA[500bded7204591300a0acb17f59adfc5]]></item>
		<item id="/img/loading.gif"><![CDATA[05235af1889d21cd47ed3fbf8cced673]]></item>
		<item id="/img/index.htm"><![CDATA[d41d8cd98f00b204e9800998ecf8427e]]></item>
		<item id="/img/pic_nv_prev.gif"><![CDATA[0e95a09f6b5d91b6e818c6dad45c49d0]]></item>
		<item id="/img/hot_1.gif"><![CDATA[78e0ad21e05de35d386b7a917ca5721c]]></item>
		<item id="/img/thread_prize_s.png"><![CDATA[8ef6cbc75c4bd8e69ca86f41d0193b2f]]></item>
		<item id="/img/faq.gif"><![CDATA[2016bd6b1d980e1609ecad8d4c40085b]]></item>
		<item id="/img/debate_dr.jpg"><![CDATA[042a647cf4af4a87cff1a67cdef384aa]]></item>
		<item id="/img/mobile-attach-1.png"><![CDATA[3af98005ef2f22ace93c47404185692f]]></item>
		<item id="/img/cls.gif"><![CDATA[d342eae0634409d21c22818dd4e101d9]]></item>
		<item id="/img/tree_linemiddle.gif"><![CDATA[44dea49bb586184e15468dc841a45d04]]></item>
		<item id="/img/grid.png"><![CDATA[fa196d7ac11d213a3bedab4b2c6555b7]]></item>
		<item id="/img/connect_qq.gif"><![CDATA[1734de1cd8fb3315f1bdef4a36ed17e8]]></item>
		<item id="/img/tree_root.gif"><![CDATA[9c6e0e5848c6fcd84b8dadeb8e03034e]]></item>
		<item id="/img/folder_s.gif"><![CDATA[8585c737c6dcedd02b1e9fed0c565795]]></item>
		<item id="/img/mobile-type-ie6.png"><![CDATA[cd06171324f4726632730f05764411cd]]></item>
		<item id="/img/medal2.gif"><![CDATA[71b519df4abe8b32e1d282f5267c0af0]]></item>
		<item id="/img/hot_2.gif"><![CDATA[bd5556691aa1348524bea43625c7a834]]></item>
		<item id="/img/print.png"><![CDATA[f6a155832c4564860439a27de5c88d03]]></item>
		<item id="/img/online_guest.gif"><![CDATA[d095a57d1db2add618fa56b4db299eb7]]></item>
		<item id="/img/icon_top.gif"><![CDATA[72b5136a61d544dfc98e96cd5ec5a4f1]]></item>
		<item id="/img/tip_up_grey.gif"><![CDATA[6fcf8bd102a9f3a4fe1d04d2e53d6c82]]></item>
		<item id="/img/un_selector.png"><![CDATA[60f7ff41f7a423d83e3f4c2b00da263c]]></item>
		<item id="/img/debate_chart.gif"><![CDATA[d4aac3fc1ff43224d0cf423aa5a53484]]></item>
		<item id="/img/icon_quote_s.gif"><![CDATA[56d8d91b9132836db3f7dcb5ebd482bd]]></item>
		<item id="/img/msnchat.gif"><![CDATA[37dc4dc91eb55f648ca3e195f8edbf58]]></item>
		<item id="/img/tb.png"><![CDATA[4b97417d356c39ccb6f595f7b192f315]]></item>
		<item id="/img/flw_btn_specialfo.png"><![CDATA[526d0ca13e1df62b8d55521cf53b24aa]]></item>
		<item id="/img/flw_ico.png"><![CDATA[383530409489245ff009358b3c8009e2]]></item>
		<item id="/img/popupcredit_btn.gif"><![CDATA[e7e4933b8d5f79aab8beaed90108be6a]]></item>
		<item id="/img/uploadbutton_small_pic.png"><![CDATA[76e0ba4869feaf2810c73142d4cf049d]]></item>
		<item id="/img/medal10.gif"><![CDATA[0ee68c3c43da5ca3332303e32ef81287]]></item>
		<item id="/img/check_error.gif"><![CDATA[b247df6c12a919291ee599eb53fe620e]]></item>
		<item id="/img/addicn.gif"><![CDATA[f743921aad752e0331ee319edf05fc10]]></item>
		<item id="/img/viewpay.gif"><![CDATA[a109e4534c66f70c9f6c4b231e064c85]]></item>
		<item id="/img/cam.swf"><![CDATA[e67b204587f569a6e275a20632c6a272]]></item>
		<item id="/img/app_set.gif"><![CDATA[e4e9eb4186622a8a32bb3179ef9f7be9]]></item>
		<item id="/img/pm-bg2.png"><![CDATA[1188ce61bbeeb95adc5efe9913e2a4e1]]></item>
		<item id="/img/groupicon.gif"><![CDATA[122541818b029c344e54bb0925ad511c]]></item>
		<item id="/img/medal8.gif"><![CDATA[785ee8b324569ef2bb21ce107b03029c]]></item>
		<item id="/img/arrow_right_big.gif"><![CDATA[66acb0a055365fc31f394e5ec9748c04]]></item>
		<item id="/img/p_debate_chart.png"><![CDATA[0ff31917fde26bc9f68a9dbe6751009d]]></item>
		<item id="/img/security.gif"><![CDATA[57fa79714e28bdbfff2601a511c780a6]]></item>
		<item id="/img/recommend_1.gif"><![CDATA[9eada8c91feaee5649939f63ea44164e]]></item>
		<item id="/img/category_lbg.png"><![CDATA[22003ed9e7c3495873e5cc007e6ac00e]]></item>
		<item id="/img/treeline_short.gif"><![CDATA[1f1fdd1b2eda63294f746441e4862ff7]]></item>
		<item id="/img/pm-ico5.png"><![CDATA[b44c59bdc076e8212e5bf89f29736763]]></item>
		<item id="/img/qq_login.gif"><![CDATA[5303890a49bf80d5d9227155cc844e29]]></item>
		<item id="/img/date_magnify.png"><![CDATA[aa3240d863fd405077f18f133d20aafd]]></item>
		<item id="/img/flw_guide.png"><![CDATA[46bcb51082416412643634e62bde1d62]]></item>
		<item id="/img/mine_icn.png"><![CDATA[fea3b97537bbf9cbdcaa94c5c72afc94]]></item>
		<item id="/img/arw_d.gif"><![CDATA[84c80f6ff5928aa2a849fc60c52a69ac]]></item>
		<item id="/member/login_simple.php"><![CDATA[e3df2ea978904d9f6f139ce7899ae694]]></item>
		<item id="/image/sousou.png"><![CDATA[79d5e5f12b7faa544e1509a98b7ae636]]></item>
		<item id="/image/pn_post.png"><![CDATA[cb3750ef2dab0e14e1047e494b6b5aff]]></item>
		<item id="/image/qmenu_sxp.png"><![CDATA[6f26d840268331f6c66f57c0fa9cb10d]]></item>
		<item id="/image/subs2.gif"><![CDATA[a1726e0668aa1b00212f8550c4debe0b]]></item>
		<item id="/image/search.png"><![CDATA[576b5813d2c1b7c24a1e66600ffc6e77]]></item>
		<item id="/image/bdl_dt.png"><![CDATA[0b153f73fe44c5ec1166648567668231]]></item>
		<item id="/image/subs.gif"><![CDATA[796e011d0c885ab3472b536dd97c64c9]]></item>
		<item id="/image/pn_reply.png"><![CDATA[761c7b689355e860b11e5ab9044efb6e]]></item>
		<item id="/image/pn.png"><![CDATA[ccd97878e928d9a3914e1fe45bdca6a3]]></item>
		<item id="/image/bbs.png"><![CDATA[6d8987cd7ce0182d7abef815da9d15a1]]></item>
		<item id="/image/tj.gif"><![CDATA[dab9d7e4a720b7f278741764c916dfbd]]></item>
		<item id="/image/vlineb.png"><![CDATA[780407ad01285ea3489188a3dfeaf980]]></item>
		<item id="/image/footer_bg.png"><![CDATA[c35032e587e77189559c4728715d82d2]]></item>
		<item id="/image/qmenu.png"><![CDATA[7585ae3b5cb4ba4ce9bea89c971f1bf5]]></item>
		<item id="/image/logo.png"><![CDATA[786ea8a84af520f152a253181bc55396]]></item>
		<item id="/image/type.png"><![CDATA[aceaba9ef9523585a43273591539db22]]></item>
		<item id="/image/Thumbs.db"><![CDATA[f3dc1062c157554c7691131456a482ad]]></item>
		<item id="/image/sxp_style.png"><![CDATA[aa953349af091da3e22e73061e9448e8]]></item>
		<item id="/image/bdl_a.png"><![CDATA[097de7f18481968cd54608135ef3796f]]></item>
		<item id="/image/scbar.gif"><![CDATA[a5e1e62ab82576a9c133cadf0338386a]]></item>
		<item id="/image/line2.gif"><![CDATA[a97ca28634909e09c21d847d2722a5fc]]></item>
		<item id="/image/xiuxiu.gif"><![CDATA[959226c2d4780fd34959f80dd0162642]]></item>
		<item id="/image/bbs14.png"><![CDATA[7e451578fa0a5ce86b5925151108888d]]></item>
		<item id="/image/bdl_dl.png"><![CDATA[62213a8c34794a584da7126207c5388d]]></item>
		<item id="/image/bodybg.png"><![CDATA[05231842ef277167b8be5f87aab8860e]]></item>
		<item id="/image/sxp_icon1.png"><![CDATA[53a6b910a2fd96d1fe45a5fd066ac314]]></item>
		<item id="/image/topnav_bg.png"><![CDATA[52058282623e77615d17ee02adaeab8c]]></item>
		<item id="/image/line2.png"><![CDATA[601554dc6cfc4523cc9581f5529bf407]]></item>
		<item id="/preview.jpg"><![CDATA[9e049c129bb7db355deb2c5ceecac553]]></item>
		<item id="/Thumbs.db"><![CDATA[c24f4c4c80d8fbd9d0ac9a0af0544875]]></item>
		<item id="/preview_large.jpg"><![CDATA[76799889f7aa78fd3fc2984aa32ddcf5]]></item>
		<item id="/discuz_style_sxp_bbs_14.xml"><![CDATA[8486693e57b9867e6e6ba646cb442364]]></item>
		<item id="/forum/forumdisplay.htm"><![CDATA[cedcf6d2b9e84122093f3e65bc3ade3c]]></item>
		<item id="/forum/viewthread.htm"><![CDATA[42ba6935351234fefe6a9ae0a5b49fd1]]></item>
		<item id="/forum/guide.htm"><![CDATA[a1197ed664e184a30a80c931580e55bb]]></item>
		<item id="/forum/discuz.htm"><![CDATA[f798547aef19e344c26a9a6bd5070cdc]]></item>
		<item id="/common/header.php"><![CDATA[c7797339a39b5a593fef404e0398766d]]></item>
		<item id="/common/footer.htm"><![CDATA[1f8af395c5dca70c4d9d796be5de1ed3]]></item>
		<item id="/common/pubsearchform.php"><![CDATA[70483c9086c655da3347669690af866a]]></item>
		<item id="/common/extend_module.css"><![CDATA[80108e04607f97b78a9d4d211743ea77]]></item>
		<item id="/common/extend_common.css"><![CDATA[faeaa6d559cb62ce29f8a4ea1d366f85]]></item>
		<item id="/common/extend_widthauto.css"><![CDATA[902b7db5d345e38663c9f06929853a42]]></item>
		<item id="/common/header_userstatus.php"><![CDATA[42345794de8a3306797b9610655566ae]]></item>
		<item id="/style/t5/style.css"><![CDATA[c910e12a6a4db18029e431b58df5397c]]></item>
		<item id="/style/t4/style.css"><![CDATA[1228e1c67c27888a39782f4db52358a5]]></item>
		<item id="/style/t3/style.css"><![CDATA[1503cb354382b7cd08a2fe2c3049e9d1]]></item>
		<item id="/style/t2/style.css"><![CDATA[07feb31d9bf8ecfa688da5ce1809dd02]]></item>
		<item id="/style/t1/style.css"><![CDATA[87344aa82b686db60517f2683ca8a795]]></item>
	</item>
</root>