<?xml version="1.0" encoding="ISO-8859-1"?>
<root>
	<item id="Title"><![CDATA[Discuz! Addon MD5]]></item>
	<item id="ID"><![CDATA[tshuz_lizhifm.plugin]]></item>
	<item id="RevisionID"><![CDATA[95231]]></item>
	<item id="SN"><![CDATA[2024012309PYTl3j633r]]></item>
	<item id="RevisionDateline"><![CDATA[1686365615]]></item>
	<item id="Data">
		<item id="/static/icon.png"><![CDATA[7ce339105a38a0ccd98d3f0e81d9b119]]></item>
		<item id="/static/common.js"><![CDATA[2eb4938599b75703dff609b71e4b4e63]]></item>
		<item id="/static/play.png"><![CDATA[d133e68391b771f37aade9e5b73c8ce8]]></item>
		<item id="/static/common.css"><![CDATA[1a0f91a9759a31b655575a7dd6ecce9a]]></item>
		<item id="/static/stop.png"><![CDATA[6568a45014c6dc5bf6c4aa495f813c1e]]></item>
		<item id="/tshuz_lizhifm.inc.php"><![CDATA[25fa83b4f0669172e79d640bca2bf208]]></item>
		<item id="/discuz_plugin_tshuz_lizhifm_TC_UTF8.xml"><![CDATA[b4826dbd50057499e1e6af1f67faaa82]]></item>
		<item id="/discuz_plugin_tshuz_lizhifm_SC_UTF8.xml"><![CDATA[6c6a62a2cbc8a03974c4b8090c408dde]]></item>
		<item id="/addons.inc.php"><![CDATA[6edd443356ec09b36a2a26a64d551fb0]]></item>
		<item id="/install.php"><![CDATA[444550a5870e46bd08258da109402ad3]]></item>
		<item id="/hook.class.php"><![CDATA[a1e0b7b13fc67786bbde2885efd140f2]]></item>
		<item id="/uninstall.php"><![CDATA[c60410a1c79efb5d8aca0e0f62b78876]]></item>
		<item id="/check.php"><![CDATA[166222de52fdfc32f651d5baf1e422f2]]></item>
		<item id="/template/touch/form.htm"><![CDATA[8e8eae30f00492f7d340514deb7be7d8]]></item>
		<item id="/template/touch/show.htm"><![CDATA[6c798764e44fc58d1a00f407f7bade35]]></item>
		<item id="/template/touch/post.htm"><![CDATA[6902182e1165071a696289ee7ea4c47d]]></item>
		<item id="/template/show.htm"><![CDATA[6c798764e44fc58d1a00f407f7bade35]]></item>
		<item id="/upgrade.php"><![CDATA[444550a5870e46bd08258da109402ad3]]></item>
	</item>
</root>