<?xml version="1.0" encoding="ISO-8859-1"?>
<root>
	<item id="Title"><![CDATA[Discuz! Addon MD5]]></item>
	<item id="ID"><![CDATA[twpx_showmoderator.plugin]]></item>
	<item id="RevisionID"><![CDATA[96416]]></item>
	<item id="SN"><![CDATA[2024012309O3hT9hNz9V]]></item>
	<item id="RevisionDateline"><![CDATA[1703559656]]></item>
	<item id="Data">
		<item id="/index.html"><![CDATA[d41d8cd98f00b204e9800998ecf8427e]]></item>
		<item id="/discuz_plugin_twpx_showmoderator_TC_UTF8.xml"><![CDATA[fa762ca4f3046dd5e27a1983106337ee]]></item>
		<item id="/hook.class.php"><![CDATA[29db8af2e9af84b4e067d802b38ec4ac]]></item>
		<item id="/more.inc.php"><![CDATA[bce138b353076127706e0d8683d6676b]]></item>
		<item id="/check.php"><![CDATA[921c3d9f6e1413e6c47c6e5524da5eec]]></item>
		<item id="/discuz_plugin_twpx_showmoderator_SC_UTF8.xml"><![CDATA[99b5f9c2e6ec35d6e68249ca7dcaf8f8]]></item>
	</item>
</root>