<?xml version="1.0" encoding="ISO-8859-1"?>
<root>
	<item id="Title"><![CDATA[Discuz! Addon MD5]]></item>
	<item id="ID"><![CDATA[witframe_api.plugin]]></item>
	<item id="RevisionID"><![CDATA[93967]]></item>
	<item id="SN"><![CDATA[2024012309Hdxl16acTl]]></item>
	<item id="RevisionDateline"><![CDATA[1695553558]]></item>
	<item id="Data">
		<item id="/api.inc.php"><![CDATA[0e5ea6d55b9bcc18e61f5eb06a16cfa6]]></item>
		<item id="/lib/site.php"><![CDATA[cfbffdb364c61c0cf457a55e39aff6fb]]></item>
		<item id="/lib/apis.php"><![CDATA[74355f369e6f0470c39337746ca9be66]]></item>
		<item id="/lib/crypt.php"><![CDATA[5a1ee62b55338f06a3f4f2cdd8898347]]></item>
		<item id="/lib/remote.php"><![CDATA[c52fb339ec3e2066d0c7c13b45928521]]></item>
		<item id="/lib/api.php"><![CDATA[9b114f7d15e54b44cf17f8cf49771157]]></item>
		<item id="/location.inc.php"><![CDATA[849bffa7c7781b7b5cf6297eed89312f]]></item>
		<item id="/setting.inc.php"><![CDATA[40c9e613b2c5f25fa4020c0b547ce91e]]></item>
		<item id="/install.php"><![CDATA[120ed6219d6daef41e5600c04f90b8bc]]></item>
		<item id="/core.php"><![CDATA[67bdafc70d43cc1b0f7975c8501b97fb]]></item>
		<item id="/discuz_plugin_witframe_api_SC_UTF8.xml"><![CDATA[7c4c907c01da8f8f41fafab48c6d8a83]]></item>
		<item id="/discuz_plugin_witframe_api_TC_UTF8.xml"><![CDATA[a05f5284ae7822e7c682a24dc3e2e905]]></item>
		<item id="/test.inc.php"><![CDATA[2244e1aaa6677f0b5fd98839d46aed0a]]></item>
		<item id="/class/remote.class.php"><![CDATA[501190001ac2c89f66abfc8fa6157945]]></item>
		<item id="/check.php"><![CDATA[654c9ce4022ac155bf3d6542d1e4acbf]]></item>
		<item id="/remote.class.php"><![CDATA[52986ad68198a51fb07e953fa6cedf4f]]></item>
		<item id="/page.remote.php"><![CDATA[d55cae1f9ac96b211256f837c75624b1]]></item>
	</item>
</root>