<?xml version="1.0" encoding="ISO-8859-1"?>
<root>
	<item id="Title"><![CDATA[Discuz! Addon MD5]]></item>
	<item id="ID"><![CDATA[zgxsh_notesindex.plugin]]></item>
	<item id="RevisionID"><![CDATA[96239]]></item>
	<item id="SN"><![CDATA[2024012308HC31cCOC7T]]></item>
	<item id="RevisionDateline"><![CDATA[1701492831]]></item>
	<item id="Data">
		<item id="/upload.inc.php"><![CDATA[5bfa7e08d91fa475c5874a46da396ae7]]></item>
		<item id="/index.inc.php"><![CDATA[33443f81573122fde69a0e672f13644f]]></item>
		<item id="/discuz_plugin_zgxsh_notesindex_SC_UTF8.xml"><![CDATA[0d839c1695c9c6d2fbe26c3f128595f0]]></item>
		<item id="/module/main.php"><![CDATA[46552e12de5d88cbbe8ed71be56dda5b]]></item>
		<item id="/module/class/security.php"><![CDATA[e62f75a097659d7426f5e385b3d6ac81]]></item>
		<item id="/module/class/system.php"><![CDATA[ed2936962932185939270f7ee52650c7]]></item>
		<item id="/module/class/extension.php"><![CDATA[d41d8cd98f00b204e9800998ecf8427e]]></item>
		<item id="/module/class/zgxsh_db.php"><![CDATA[24780efc5fc9cb4a337a9190379fdfa2]]></item>
		<item id="/discuz_plugin_zgxsh_notesindex_TC_UTF8.xml"><![CDATA[ae443871a42d197781ac164d5f4d9ee5]]></item>
		<item id="/install.php"><![CDATA[8cd79d03726e04304a9bbaead3765d82]]></item>
		<item id="/uninstall.php"><![CDATA[5360f213abaa5bdf31ea28c2d4807190]]></item>
		<item id="/dmsc.inc.php"><![CDATA[709d378047f66a46c5a550a0a875e273]]></item>
		<item id="/check.php"><![CDATA[cbb53bb2c51adef0a39255ba92183445]]></item>
		<item id="/index_if.inc.php"><![CDATA[61d46ba2cea6e22021c4c5035af980b1]]></item>
		<item id="/template/css/echarts.min.js"><![CDATA[f483164a3c202b72cc6d08de01895219]]></item>
		<item id="/template/css/vue.global.js"><![CDATA[5e954665dcd54d2579b2162db1835436]]></item>
		<item id="/template/css/element/index.css"><![CDATA[1ad092db2addc666ab0b3a12d18c0a9b]]></item>
		<item id="/template/css/element/index.full.js"><![CDATA[9bac47672000d854c89a46c14cf1ca40]]></item>
		<item id="/template/css/element/icons-vue/index.js"><![CDATA[91b5728ff0d76e512761ed9b93934841]]></item>
		<item id="/template/img/up_img/index.html"><![CDATA[d41d8cd98f00b204e9800998ecf8427e]]></item>
		<item id="/template/img/index/01.jpg"><![CDATA[7fa462113678fb2e379ecd42a0ed9b9f]]></item>
		<item id="/template/img/index/02.jpg"><![CDATA[db17770ecef593d952bee6c1bf3360cd]]></item>
		<item id="/template/prompt/prompt_full.htm"><![CDATA[d8b4675c1afa14feb5dadb280b7eaba9]]></item>
		<item id="/template/prompt/prompt.htm"><![CDATA[5b6fd4f479f0864343f248321e21fb23]]></item>
		<item id="/template/touch/prompt/prompt_full.htm"><![CDATA[5a494362344c438f41239efce25f2a79]]></item>
		<item id="/template/touch/prompt/prompt.htm"><![CDATA[ddfcf0940d35ed1122bd63de67a1bb00]]></item>
		<item id="/template/touch/system/header_child.htm"><![CDATA[8da0a8005cbb73bdeb9101d48bb573e5]]></item>
		<item id="/template/touch/system/footer.htm"><![CDATA[b0d05c41650c439dde57e9f5ba8059d9]]></item>
		<item id="/template/touch/system/footer_child.htm"><![CDATA[0f8c3c92c085ab3375f47b47eea6b920]]></item>
		<item id="/template/touch/system/css.htm"><![CDATA[4d2b66503505c39998e01add8ce27eff]]></item>
		<item id="/template/touch/system/header.htm"><![CDATA[def7fc89df939cb68db20be25c4f0ca8]]></item>
		<item id="/template/touch/index/index.htm"><![CDATA[75fb091ec4569cf25af4a53a5ce94139]]></item>
		<item id="/template/touch/common/footer.htm"><![CDATA[69e2cc9ef97cf1a9fdf3a52b2612e604]]></item>
		<item id="/template/touch/common/header.htm"><![CDATA[6624171e5d3a2f0e1919a8d9da610847]]></item>
		<item id="/template/system/header_child.htm"><![CDATA[357c823b71c2e78f8c47a6fd7c74eeae]]></item>
		<item id="/template/system/footer.htm"><![CDATA[b0d05c41650c439dde57e9f5ba8059d9]]></item>
		<item id="/template/system/footer_child.htm"><![CDATA[3e4ee4e2415703096862e0caa3142123]]></item>
		<item id="/template/system/css.htm"><![CDATA[7e9fa43cd5194287b0b2f70d6239ce45]]></item>
		<item id="/template/system/header.htm"><![CDATA[def7fc89df939cb68db20be25c4f0ca8]]></item>
		<item id="/template/index/index.htm"><![CDATA[7d7893b13f09593c629a1e26437e024e]]></item>
		<item id="/upgrade.php"><![CDATA[2ef96fb554f20b0c849a503d21e63c8a]]></item>
	</item>
</root>